frame_id,location_id,variant,frame_index,slot_id,status,expected_status,verification_status,label_source,notes
fci_day_0,fci,day,0,A1,occupied,occupied,verified,manually_verified_by_user,manually checked against the matching review image
fci_day_0,fci,day,0,A2,occupied,occupied,verified,manually_verified_by_user,manually checked against the matching review image
fci_day_0,fci,day,0,A3,occupied,occupied,verified,manually_verified_by_user,manually checked against the matching review image
fci_day_0,fci,day,0,A4,occupied,occupied,verified,manually_verified_by_user,manually checked against the matching review image
fci_day_0,fci,day,0,A5,occupied,occupied,verified,manually_verified_by_user,manually checked against the matching review image
fci_day_0,fci,day,0,A6,occupied,occupied,verified,manually_verified_by_user,manually checked against the matching review image
fci_day_0,fci,day,0,A7,occupied,occupied,verified,manually_verified_by_user,manually checked against the matching review image
fci_day_0,fci,day,0,A8,occupied,occupied,verified,manually_verified_by_user,manually checked against the matching review image
fci_day_0,fci,day,0,A9,occupied,occupied,verified,manually_verified_by_user,manually checked against the matching review image
fci_day_0,fci,day,0,A10,occluded,occluded,verified,manually_verified_by_user,manually checked against the matching review image
fci_day_0,fci,day,0,A11,occupied,occupied,verified,manually_verified_by_user,manually checked against the matching review image
fci_day_0,fci,day,0,A12,occupied,occupied,verified,manually_verified_by_user,manually checked against the matching review image
fci_day_0,fci,day,0,A13,occupied,occupied,verified,manually_verified_by_user,manually checked against the matching review image
fci_day_0,fci,day,0,A14,occupied,occupied,verified,manually_verified_by_user,manually checked against the matching review image
fci_day_0,fci,day,0,A15,occupied,occupied,verified,manually_verified_by_user,manually checked against the matching review image
fci_day_0,fci,day,0,A16,occupied,occupied,verified,manually_verified_by_user,manually checked against the matching review image
fci_day_0,fci,day,0,A17,occupied,occupied,verified,manually_verified_by_user,manually checked against the matching review image
fci_day_0,fci,day,0,A18,occupied,occupied,verified,manually_verified_by_user,manually checked against the matching review image
fci_day_0,fci,day,0,A19,occupied,occupied,verified,manually_verified_by_user,manually checked against the matching review image
fci_day_0,fci,day,0,A20,occupied,occupied,verified,manually_verified_by_user,manually checked against the matching review image
fci_day_0,fci,day,0,A21,occupied,occupied,verified,manually_verified_by_user,manually checked against the matching review image
fci_day_0,fci,day,0,A22,occupied,occupied,verified,manually_verified_by_user,manually checked against the matching review image
fci_day_0,fci,day,0,A23,occupied,occupied,verified,manually_verified_by_user,manually checked against the matching review image
fci_day_0,fci,day,0,A24,occupied,occupied,verified,manually_verified_by_user,manually checked against the matching review image
fci_day_0,fci,day,0,A25,occupied,occupied,verified,manually_verified_by_user,manually checked against the matching review image
fci_day_0,fci,day,0,A26,occupied,occupied,verified,manually_verified_by_user,manually checked against the matching review image
fci_day_0,fci,day,0,A27,occupied,occupied,verified,manually_verified_by_user,manually checked against the matching review image
fci_day_0,fci,day,0,A28,occupied,occupied,verified,manually_verified_by_user,manually checked against the matching review image
fci_day_0,fci,day,0,A29,occupied,occupied,verified,manually_verified_by_user,manually checked against the matching review image
fci_day_0,fci,day,0,A30,occupied,occupied,verified,manually_verified_by_user,manually checked against the matching review image
fci_day_0,fci,day,0,A31,occupied,occupied,verified,manually_verified_by_user,manually checked against the matching review image
fci_day_0,fci,day,0,A32,occupied,occupied,verified,manually_verified_by_user,manually checked against the matching review image
fci_day_0,fci,day,0,A33,occupied,occupied,verified,manually_verified_by_user,manually checked against the matching review image
fci_day_0,fci,day,0,A34,occupied,occupied,verified,manually_verified_by_user,manually checked against the matching review image
fci_day_0,fci,day,0,A35,occupied,occupied,verified,manually_verified_by_user,manually checked against the matching review image
fci_day_0,fci,day,0,A36,occupied,occupied,verified,manually_verified_by_user,manually checked against the matching review image
fci_day_0,fci,day,0,A37,occupied,occupied,verified,manually_verified_by_user,manually checked against the matching review image
fci_day_0,fci,day,0,A38,occupied,occupied,verified,manually_verified_by_user,manually checked against the matching review image
fci_day_0,fci,day,0,A39,occupied,occupied,verified,manually_verified_by_user,manually checked against the matching review image
fci_day_0,fci,day,0,A40,occupied,occupied,verified,manually_verified_by_user,manually checked against the matching review image
fci_day_0,fci,day,0,A41,occupied,occupied,verified,manually_verified_by_user,manually checked against the matching review image
fci_day_0,fci,day,0,A42,occupied,occupied,verified,manually_verified_by_user,manually checked against the matching review image
fci_day_0,fci,day,0,A43,occupied,occupied,verified,manually_verified_by_user,manually checked against the matching review image
fci_day_0,fci,day,0,A44,occupied,occupied,verified,manually_verified_by_user,manually checked against the matching review image
fci_day_0,fci,day,0,A45,occupied,occupied,verified,manually_verified_by_user,manually checked against the matching review image
fci_day_0,fci,day,0,A46,occupied,occupied,verified,manually_verified_by_user,manually checked against the matching review image
fci_day_0,fci,day,0,A47,occupied,occupied,verified,manually_verified_by_user,manually checked against the matching review image
fci_day_0,fci,day,0,A48,occupied,occupied,verified,manually_verified_by_user,manually checked against the matching review image
fci_day_0,fci,day,0,A49,occupied,occupied,verified,manually_verified_by_user,manually checked against the matching review image
fci_day_0,fci,day,0,A50,occluded,occluded,verified,manually_verified_by_user,manually checked against the matching review image
fci_day_0,fci,day,0,A51,occupied,occupied,verified,manually_verified_by_user,manually checked against the matching review image
fci_day_0,fci,day,0,A52,occupied,occupied,verified,manually_verified_by_user,manually checked against the matching review image
fci_day_0,fci,day,0,A53,occupied,occupied,verified,manually_verified_by_user,manually checked against the matching review image
fci_day_0,fci,day,0,A54,occupied,occupied,verified,manually_verified_by_user,manually checked against the matching review image
fci_day_0,fci,day,0,A55,available,available,verified,manually_verified_by_user,manually checked against the matching review image
fci_day_0,fci,day,0,A56,occupied,occupied,verified,manually_verified_by_user,manually checked against the matching review image
fci_day_0,fci,day,0,A57,occupied,occupied,verified,manually_verified_by_user,manually checked against the matching review image
fci_day_0,fci,day,0,A58,occupied,occupied,verified,manually_verified_by_user,manually checked against the matching review image
fci_day_0,fci,day,0,A59,occupied,occupied,verified,manually_verified_by_user,manually checked against the matching review image
fci_day_0,fci,day,0,A60,occluded,occluded,verified,manually_verified_by_user,manually checked against the matching review image
fci_day_0,fci,day,0,A61,occluded,occluded,verified,manually_verified_by_user,manually checked against the matching review image
fci_day_0,fci,day,0,A62,occupied,occupied,verified,manually_verified_by_user,manually checked against the matching review image
fci_day_0,fci,day,0,A63,occupied,occupied,verified,manually_verified_by_user,manually checked against the matching review image
fci_day_0,fci,day,0,A64,occupied,occupied,verified,manually_verified_by_user,manually checked against the matching review image
fci_day_0,fci,day,0,A65,occupied,occupied,verified,manually_verified_by_user,manually checked against the matching review image
fci_day_0,fci,day,0,A66,occupied,occupied,verified,manually_verified_by_user,manually checked against the matching review image
fci_day_0,fci,day,0,A67,occupied,occupied,verified,manually_verified_by_user,manually checked against the matching review image
fci_day_0,fci,day,0,A68,occupied,occupied,verified,manually_verified_by_user,manually checked against the matching review image
fci_day_0,fci,day,0,A69,occupied,occupied,verified,manually_verified_by_user,manually checked against the matching review image
fci_day_0,fci,day,0,A70,occupied,occupied,verified,manually_verified_by_user,manually checked against the matching review image
fci_day_0,fci,day,0,A71,occupied,occupied,verified,manually_verified_by_user,manually checked against the matching review image
fci_day_0,fci,day,0,A72,occupied,occupied,verified,manually_verified_by_user,manually checked against the matching review image
fci_day_0,fci,day,0,A73,occupied,occupied,verified,manually_verified_by_user,manually checked against the matching review image
fci_day_0,fci,day,0,A74,occupied,occupied,verified,manually_verified_by_user,manually checked against the matching review image
fci_day_0,fci,day,0,A75,occupied,occupied,verified,manually_verified_by_user,manually checked against the matching review image
fci_day_0,fci,day,0,A76,occupied,occupied,verified,manually_verified_by_user,manually checked against the matching review image
fci_day_0,fci,day,0,A77,occupied,occupied,verified,manually_verified_by_user,manually checked against the matching review image
fci_day_0,fci,day,0,A78,occupied,occupied,verified,manually_verified_by_user,manually checked against the matching review image
fci_day_1799,fci,day,1799,A1,occupied,occupied,verified,manually_verified_by_user,manually checked against the matching review image
fci_day_1799,fci,day,1799,A2,occupied,occupied,verified,manually_verified_by_user,manually checked against the matching review image
fci_day_1799,fci,day,1799,A3,occupied,occupied,verified,manually_verified_by_user,manually checked against the matching review image
fci_day_1799,fci,day,1799,A4,occupied,occupied,verified,manually_verified_by_user,manually checked against the matching review image
fci_day_1799,fci,day,1799,A5,occupied,occupied,verified,manually_verified_by_user,manually checked against the matching review image
fci_day_1799,fci,day,1799,A6,occupied,occupied,verified,manually_verified_by_user,manually checked against the matching review image
fci_day_1799,fci,day,1799,A7,occluded,occluded,verified,manually_verified_by_user,manually checked against the matching review image
fci_day_1799,fci,day,1799,A8,occupied,occupied,verified,manually_verified_by_user,manually checked against the matching review image
fci_day_1799,fci,day,1799,A9,occupied,occupied,verified,manually_verified_by_user,manually checked against the matching review image
fci_day_1799,fci,day,1799,A10,occupied,occupied,verified,manually_verified_by_user,manually checked against the matching review image
fci_day_1799,fci,day,1799,A11,occupied,occupied,verified,manually_verified_by_user,manually checked against the matching review image
fci_day_1799,fci,day,1799,A12,occupied,occupied,verified,manually_verified_by_user,manually checked against the matching review image
fci_day_1799,fci,day,1799,A13,occupied,occupied,verified,manually_verified_by_user,manually checked against the matching review image
fci_day_1799,fci,day,1799,A14,occupied,occupied,verified,manually_verified_by_user,manually checked against the matching review image
fci_day_1799,fci,day,1799,A15,occupied,occupied,verified,manually_verified_by_user,manually checked against the matching review image
fci_day_1799,fci,day,1799,A16,occupied,occupied,verified,manually_verified_by_user,manually checked against the matching review image
fci_day_1799,fci,day,1799,A17,occupied,occupied,verified,manually_verified_by_user,manually checked against the matching review image
fci_day_1799,fci,day,1799,A18,occupied,occupied,verified,manually_verified_by_user,manually checked against the matching review image
fci_day_1799,fci,day,1799,A19,occupied,occupied,verified,manually_verified_by_user,manually checked against the matching review image
fci_day_1799,fci,day,1799,A20,occupied,occupied,verified,manually_verified_by_user,manually checked against the matching review image
fci_day_1799,fci,day,1799,A21,occupied,occupied,verified,manually_verified_by_user,manually checked against the matching review image
fci_day_1799,fci,day,1799,A22,occupied,occupied,verified,manually_verified_by_user,manually checked against the matching review image
fci_day_1799,fci,day,1799,A23,occupied,occupied,verified,manually_verified_by_user,manually checked against the matching review image
fci_day_1799,fci,day,1799,A24,occupied,occupied,verified,manually_verified_by_user,manually checked against the matching review image
fci_day_1799,fci,day,1799,A25,available,available,verified,manually_verified_by_user,manually checked against the matching review image
fci_day_1799,fci,day,1799,A26,occupied,occupied,verified,manually_verified_by_user,manually checked against the matching review image
fci_day_1799,fci,day,1799,A27,occupied,occupied,verified,manually_verified_by_user,manually checked against the matching review image
fci_day_1799,fci,day,1799,A28,occupied,occupied,verified,manually_verified_by_user,manually checked against the matching review image
fci_day_1799,fci,day,1799,A29,occupied,occupied,verified,manually_verified_by_user,manually checked against the matching review image
fci_day_1799,fci,day,1799,A30,occupied,occupied,verified,manually_verified_by_user,manually checked against the matching review image
fci_day_1799,fci,day,1799,A31,occupied,occupied,verified,manually_verified_by_user,manually checked against the matching review image
fci_day_1799,fci,day,1799,A32,occupied,occupied,verified,manually_verified_by_user,manually checked against the matching review image
fci_day_1799,fci,day,1799,A33,occupied,occupied,verified,manually_verified_by_user,manually checked against the matching review image
fci_day_1799,fci,day,1799,A34,occupied,occupied,verified,manually_verified_by_user,manually checked against the matching review image
fci_day_1799,fci,day,1799,A35,occupied,occupied,verified,manually_verified_by_user,manually checked against the matching review image
fci_day_1799,fci,day,1799,A36,occupied,occupied,verified,manually_verified_by_user,manually checked against the matching review image
fci_day_1799,fci,day,1799,A37,occupied,occupied,verified,manually_verified_by_user,manually checked against the matching review image
fci_day_1799,fci,day,1799,A38,available,available,verified,manually_verified_by_user,manually checked against the matching review image
fci_day_1799,fci,day,1799,A39,occupied,occupied,verified,manually_verified_by_user,manually checked against the matching review image
fci_day_1799,fci,day,1799,A40,occupied,occupied,verified,manually_verified_by_user,manually checked against the matching review image
fci_day_1799,fci,day,1799,A41,occupied,occupied,verified,manually_verified_by_user,manually checked against the matching review image
fci_day_1799,fci,day,1799,A42,occupied,occupied,verified,manually_verified_by_user,manually checked against the matching review image
fci_day_1799,fci,day,1799,A43,occupied,occupied,verified,manually_verified_by_user,manually checked against the matching review image
fci_day_1799,fci,day,1799,A44,occupied,occupied,verified,manually_verified_by_user,manually checked against the matching review image
fci_day_1799,fci,day,1799,A45,occupied,occupied,verified,manually_verified_by_user,manually checked against the matching review image
fci_day_1799,fci,day,1799,A46,available,available,verified,manually_verified_by_user,manually checked against the matching review image
fci_day_1799,fci,day,1799,A47,occupied,occupied,verified,manually_verified_by_user,manually checked against the matching review image
fci_day_1799,fci,day,1799,A48,occupied,occupied,verified,manually_verified_by_user,manually checked against the matching review image
fci_day_1799,fci,day,1799,A49,occupied,occupied,verified,manually_verified_by_user,manually checked against the matching review image
fci_day_1799,fci,day,1799,A50,occluded,occluded,verified,manually_verified_by_user,manually checked against the matching review image
fci_day_1799,fci,day,1799,A51,occupied,occupied,verified,manually_verified_by_user,manually checked against the matching review image
fci_day_1799,fci,day,1799,A52,occupied,occupied,verified,manually_verified_by_user,manually checked against the matching review image
fci_day_1799,fci,day,1799,A53,occupied,occupied,verified,manually_verified_by_user,manually checked against the matching review image
fci_day_1799,fci,day,1799,A54,occupied,occupied,verified,manually_verified_by_user,manually checked against the matching review image
fci_day_1799,fci,day,1799,A55,occupied,occupied,verified,manually_verified_by_user,manually checked against the matching review image
fci_day_1799,fci,day,1799,A56,occupied,occupied,verified,manually_verified_by_user,manually checked against the matching review image
fci_day_1799,fci,day,1799,A57,occupied,occupied,verified,manually_verified_by_user,manually checked against the matching review image
fci_day_1799,fci,day,1799,A58,occupied,occupied,verified,manually_verified_by_user,manually checked against the matching review image
fci_day_1799,fci,day,1799,A59,occupied,occupied,verified,manually_verified_by_user,manually checked against the matching review image
fci_day_1799,fci,day,1799,A60,occluded,occluded,verified,manually_verified_by_user,manually checked against the matching review image
fci_day_1799,fci,day,1799,A61,occluded,occluded,verified,manually_verified_by_user,manually checked against the matching review image
fci_day_1799,fci,day,1799,A62,occupied,occupied,verified,manually_verified_by_user,manually checked against the matching review image
fci_day_1799,fci,day,1799,A63,occupied,occupied,verified,manually_verified_by_user,manually checked against the matching review image
fci_day_1799,fci,day,1799,A64,occluded,occluded,verified,manually_verified_by_user,manually checked against the matching review image
fci_day_1799,fci,day,1799,A65,occupied,occupied,verified,manually_verified_by_user,manually checked against the matching review image
fci_day_1799,fci,day,1799,A66,occupied,occupied,verified,manually_verified_by_user,manually checked against the matching review image
fci_day_1799,fci,day,1799,A67,available,available,verified,manually_verified_by_user,manually checked against the matching review image
fci_day_1799,fci,day,1799,A68,occupied,occupied,verified,manually_verified_by_user,manually checked against the matching review image
fci_day_1799,fci,day,1799,A69,occupied,occupied,verified,manually_verified_by_user,manually checked against the matching review image
fci_day_1799,fci,day,1799,A70,occupied,occupied,verified,manually_verified_by_user,manually checked against the matching review image
fci_day_1799,fci,day,1799,A71,occupied,occupied,verified,manually_verified_by_user,manually checked against the matching review image
fci_day_1799,fci,day,1799,A72,occupied,occupied,verified,manually_verified_by_user,manually checked against the matching review image
fci_day_1799,fci,day,1799,A73,occupied,occupied,verified,manually_verified_by_user,manually checked against the matching review image
fci_day_1799,fci,day,1799,A74,occupied,occupied,verified,manually_verified_by_user,manually checked against the matching review image
fci_day_1799,fci,day,1799,A75,occupied,occupied,verified,manually_verified_by_user,manually checked against the matching review image
fci_day_1799,fci,day,1799,A76,occupied,occupied,verified,manually_verified_by_user,manually checked against the matching review image
fci_day_1799,fci,day,1799,A77,occupied,occupied,verified,manually_verified_by_user,manually checked against the matching review image
fci_day_1799,fci,day,1799,A78,occupied,occupied,verified,manually_verified_by_user,manually checked against the matching review image
fci_day_3599,fci,day,3599,A1,occupied,occupied,verified,manually_verified_by_user,manually checked against the matching review image
fci_day_3599,fci,day,3599,A2,occupied,occupied,verified,manually_verified_by_user,manually checked against the matching review image
fci_day_3599,fci,day,3599,A3,occupied,occupied,verified,manually_verified_by_user,manually checked against the matching review image
fci_day_3599,fci,day,3599,A4,occupied,occupied,verified,manually_verified_by_user,manually checked against the matching review image
fci_day_3599,fci,day,3599,A5,occupied,occupied,verified,manually_verified_by_user,manually checked against the matching review image
fci_day_3599,fci,day,3599,A6,occupied,occupied,verified,manually_verified_by_user,manually checked against the matching review image
fci_day_3599,fci,day,3599,A7,occluded,occluded,verified,manually_verified_by_user,manually checked against the matching review image
fci_day_3599,fci,day,3599,A8,occupied,occupied,verified,manually_verified_by_user,manually checked against the matching review image
fci_day_3599,fci,day,3599,A9,occupied,occupied,verified,manually_verified_by_user,manually checked against the matching review image
fci_day_3599,fci,day,3599,A10,occluded,occluded,verified,manually_verified_by_user,manually checked against the matching review image
fci_day_3599,fci,day,3599,A11,occupied,occupied,verified,manually_verified_by_user,manually checked against the matching review image
fci_day_3599,fci,day,3599,A12,occupied,occupied,verified,manually_verified_by_user,manually checked against the matching review image
fci_day_3599,fci,day,3599,A13,occupied,occupied,verified,manually_verified_by_user,manually checked against the matching review image
fci_day_3599,fci,day,3599,A14,occupied,occupied,verified,manually_verified_by_user,manually checked against the matching review image
fci_day_3599,fci,day,3599,A15,occupied,occupied,verified,manually_verified_by_user,manually checked against the matching review image
fci_day_3599,fci,day,3599,A16,occupied,occupied,verified,manually_verified_by_user,manually checked against the matching review image
fci_day_3599,fci,day,3599,A17,occupied,occupied,verified,manually_verified_by_user,manually checked against the matching review image
fci_day_3599,fci,day,3599,A18,occupied,occupied,verified,manually_verified_by_user,manually checked against the matching review image
fci_day_3599,fci,day,3599,A19,occupied,occupied,verified,manually_verified_by_user,manually checked against the matching review image
fci_day_3599,fci,day,3599,A20,occupied,occupied,verified,manually_verified_by_user,manually checked against the matching review image
fci_day_3599,fci,day,3599,A21,occupied,occupied,verified,manually_verified_by_user,manually checked against the matching review image
fci_day_3599,fci,day,3599,A22,occupied,occupied,verified,manually_verified_by_user,manually checked against the matching review image
fci_day_3599,fci,day,3599,A23,occupied,occupied,verified,manually_verified_by_user,manually checked against the matching review image
fci_day_3599,fci,day,3599,A24,occupied,occupied,verified,manually_verified_by_user,manually checked against the matching review image
fci_day_3599,fci,day,3599,A25,occupied,occupied,verified,manually_verified_by_user,manually checked against the matching review image
fci_day_3599,fci,day,3599,A26,occupied,occupied,verified,manually_verified_by_user,manually checked against the matching review image
fci_day_3599,fci,day,3599,A27,occupied,occupied,verified,manually_verified_by_user,manually checked against the matching review image
fci_day_3599,fci,day,3599,A28,occupied,occupied,verified,manually_verified_by_user,manually checked against the matching review image
fci_day_3599,fci,day,3599,A29,occupied,occupied,verified,manually_verified_by_user,manually checked against the matching review image
fci_day_3599,fci,day,3599,A30,occupied,occupied,verified,manually_verified_by_user,manually checked against the matching review image
fci_day_3599,fci,day,3599,A31,occupied,occupied,verified,manually_verified_by_user,manually checked against the matching review image
fci_day_3599,fci,day,3599,A32,occupied,occupied,verified,manually_verified_by_user,manually checked against the matching review image
fci_day_3599,fci,day,3599,A33,occupied,occupied,verified,manually_verified_by_user,manually checked against the matching review image
fci_day_3599,fci,day,3599,A34,occupied,occupied,verified,manually_verified_by_user,manually checked against the matching review image
fci_day_3599,fci,day,3599,A35,occupied,occupied,verified,manually_verified_by_user,manually checked against the matching review image
fci_day_3599,fci,day,3599,A36,available,available,verified,manually_verified_by_user,manually checked against the matching review image
fci_day_3599,fci,day,3599,A37,occupied,occupied,verified,manually_verified_by_user,manually checked against the matching review image
fci_day_3599,fci,day,3599,A38,occupied,occupied,verified,manually_verified_by_user,manually checked against the matching review image
fci_day_3599,fci,day,3599,A39,occupied,occupied,verified,manually_verified_by_user,manually checked against the matching review image
fci_day_3599,fci,day,3599,A40,occupied,occupied,verified,manually_verified_by_user,manually checked against the matching review image
fci_day_3599,fci,day,3599,A41,occupied,occupied,verified,manually_verified_by_user,manually checked against the matching review image
fci_day_3599,fci,day,3599,A42,occupied,occupied,verified,manually_verified_by_user,manually checked against the matching review image
fci_day_3599,fci,day,3599,A43,occupied,occupied,verified,manually_verified_by_user,manually checked against the matching review image
fci_day_3599,fci,day,3599,A44,occupied,occupied,verified,manually_verified_by_user,manually checked against the matching review image
fci_day_3599,fci,day,3599,A45,occupied,occupied,verified,manually_verified_by_user,manually checked against the matching review image
fci_day_3599,fci,day,3599,A46,occupied,occupied,verified,manually_verified_by_user,manually checked against the matching review image
fci_day_3599,fci,day,3599,A47,occupied,occupied,verified,manually_verified_by_user,manually checked against the matching review image
fci_day_3599,fci,day,3599,A48,occupied,occupied,verified,manually_verified_by_user,manually checked against the matching review image
fci_day_3599,fci,day,3599,A49,occupied,occupied,verified,manually_verified_by_user,manually checked against the matching review image
fci_day_3599,fci,day,3599,A50,occluded,occluded,verified,manually_verified_by_user,manually checked against the matching review image
fci_day_3599,fci,day,3599,A51,occupied,occupied,verified,manually_verified_by_user,manually checked against the matching review image
fci_day_3599,fci,day,3599,A52,occupied,occupied,verified,manually_verified_by_user,manually checked against the matching review image
fci_day_3599,fci,day,3599,A53,occupied,occupied,verified,manually_verified_by_user,manually checked against the matching review image
fci_day_3599,fci,day,3599,A54,occupied,occupied,verified,manually_verified_by_user,manually checked against the matching review image
fci_day_3599,fci,day,3599,A55,occupied,occupied,verified,manually_verified_by_user,manually checked against the matching review image
fci_day_3599,fci,day,3599,A56,occupied,occupied,verified,manually_verified_by_user,manually checked against the matching review image
fci_day_3599,fci,day,3599,A57,occupied,occupied,verified,manually_verified_by_user,manually checked against the matching review image
fci_day_3599,fci,day,3599,A58,occupied,occupied,verified,manually_verified_by_user,manually checked against the matching review image
fci_day_3599,fci,day,3599,A59,occupied,occupied,verified,manually_verified_by_user,manually checked against the matching review image
fci_day_3599,fci,day,3599,A60,occluded,occluded,verified,manually_verified_by_user,manually checked against the matching review image
fci_day_3599,fci,day,3599,A61,occluded,occluded,verified,manually_verified_by_user,manually checked against the matching review image
fci_day_3599,fci,day,3599,A62,occupied,occupied,verified,manually_verified_by_user,manually checked against the matching review image
fci_day_3599,fci,day,3599,A63,occupied,occupied,verified,manually_verified_by_user,manually checked against the matching review image
fci_day_3599,fci,day,3599,A64,occluded,occluded,verified,manually_verified_by_user,manually checked against the matching review image
fci_day_3599,fci,day,3599,A65,occupied,occupied,verified,manually_verified_by_user,manually checked against the matching review image
fci_day_3599,fci,day,3599,A66,occupied,occupied,verified,manually_verified_by_user,manually checked against the matching review image
fci_day_3599,fci,day,3599,A67,occupied,occupied,verified,manually_verified_by_user,manually checked against the matching review image
fci_day_3599,fci,day,3599,A68,occupied,occupied,verified,manually_verified_by_user,manually checked against the matching review image
fci_day_3599,fci,day,3599,A69,occupied,occupied,verified,manually_verified_by_user,manually checked against the matching review image
fci_day_3599,fci,day,3599,A70,occupied,occupied,verified,manually_verified_by_user,manually checked against the matching review image
fci_day_3599,fci,day,3599,A71,occupied,occupied,verified,manually_verified_by_user,manually checked against the matching review image
fci_day_3599,fci,day,3599,A72,occupied,occupied,verified,manually_verified_by_user,manually checked against the matching review image
fci_day_3599,fci,day,3599,A73,occupied,occupied,verified,manually_verified_by_user,manually checked against the matching review image
fci_day_3599,fci,day,3599,A74,occupied,occupied,verified,manually_verified_by_user,manually checked against the matching review image
fci_day_3599,fci,day,3599,A75,occupied,occupied,verified,manually_verified_by_user,manually checked against the matching review image
fci_day_3599,fci,day,3599,A76,occupied,occupied,verified,manually_verified_by_user,manually checked against the matching review image
fci_day_3599,fci,day,3599,A77,occupied,occupied,verified,manually_verified_by_user,manually checked against the matching review image
fci_day_3599,fci,day,3599,A78,occupied,occupied,verified,manually_verified_by_user,manually checked against the matching review image
fci_day_5398,fci,day,5398,A1,occupied,occupied,verified,manually_verified_by_user,manually checked against the matching review image
fci_day_5398,fci,day,5398,A2,occupied,occupied,verified,manually_verified_by_user,manually checked against the matching review image
fci_day_5398,fci,day,5398,A3,occupied,occupied,verified,manually_verified_by_user,manually checked against the matching review image
fci_day_5398,fci,day,5398,A4,occupied,occupied,verified,manually_verified_by_user,manually checked against the matching review image
fci_day_5398,fci,day,5398,A5,occupied,occupied,verified,manually_verified_by_user,manually checked against the matching review image
fci_day_5398,fci,day,5398,A6,occupied,occupied,verified,manually_verified_by_user,manually checked against the matching review image
fci_day_5398,fci,day,5398,A7,occupied,occupied,verified,manually_verified_by_user,manually checked against the matching review image
fci_day_5398,fci,day,5398,A8,occupied,occupied,verified,manually_verified_by_user,manually checked against the matching review image
fci_day_5398,fci,day,5398,A9,occupied,occupied,verified,manually_verified_by_user,manually checked against the matching review image
fci_day_5398,fci,day,5398,A10,occluded,occluded,verified,manually_verified_by_user,manually checked against the matching review image
fci_day_5398,fci,day,5398,A11,occupied,occupied,verified,manually_verified_by_user,manually checked against the matching review image
fci_day_5398,fci,day,5398,A12,occupied,occupied,verified,manually_verified_by_user,manually checked against the matching review image
fci_day_5398,fci,day,5398,A13,occupied,occupied,verified,manually_verified_by_user,manually checked against the matching review image
fci_day_5398,fci,day,5398,A14,occupied,occupied,verified,manually_verified_by_user,manually checked against the matching review image
fci_day_5398,fci,day,5398,A15,occupied,occupied,verified,manually_verified_by_user,manually checked against the matching review image
fci_day_5398,fci,day,5398,A16,occupied,occupied,verified,manually_verified_by_user,manually checked against the matching review image
fci_day_5398,fci,day,5398,A17,occupied,occupied,verified,manually_verified_by_user,manually checked against the matching review image
fci_day_5398,fci,day,5398,A18,occupied,occupied,verified,manually_verified_by_user,manually checked against the matching review image
fci_day_5398,fci,day,5398,A19,occupied,occupied,verified,manually_verified_by_user,manually checked against the matching review image
fci_day_5398,fci,day,5398,A20,occupied,occupied,verified,manually_verified_by_user,manually checked against the matching review image
fci_day_5398,fci,day,5398,A21,occupied,occupied,verified,manually_verified_by_user,manually checked against the matching review image
fci_day_5398,fci,day,5398,A22,occupied,occupied,verified,manually_verified_by_user,manually checked against the matching review image
fci_day_5398,fci,day,5398,A23,occupied,occupied,verified,manually_verified_by_user,manually checked against the matching review image
fci_day_5398,fci,day,5398,A24,occupied,occupied,verified,manually_verified_by_user,manually checked against the matching review image
fci_day_5398,fci,day,5398,A25,occupied,occupied,verified,manually_verified_by_user,manually checked against the matching review image
fci_day_5398,fci,day,5398,A26,occupied,occupied,verified,manually_verified_by_user,manually checked against the matching review image
fci_day_5398,fci,day,5398,A27,occupied,occupied,verified,manually_verified_by_user,manually checked against the matching review image
fci_day_5398,fci,day,5398,A28,available,available,verified,manually_verified_by_user,manually checked against the matching review image
fci_day_5398,fci,day,5398,A29,occupied,occupied,verified,manually_verified_by_user,manually checked against the matching review image
fci_day_5398,fci,day,5398,A30,occupied,occupied,verified,manually_verified_by_user,manually checked against the matching review image
fci_day_5398,fci,day,5398,A31,occupied,occupied,verified,manually_verified_by_user,manually checked against the matching review image
fci_day_5398,fci,day,5398,A32,occupied,occupied,verified,manually_verified_by_user,manually checked against the matching review image
fci_day_5398,fci,day,5398,A33,occupied,occupied,verified,manually_verified_by_user,manually checked against the matching review image
fci_day_5398,fci,day,5398,A34,occupied,occupied,verified,manually_verified_by_user,manually checked against the matching review image
fci_day_5398,fci,day,5398,A35,occupied,occupied,verified,manually_verified_by_user,manually checked against the matching review image
fci_day_5398,fci,day,5398,A36,available,available,verified,manually_verified_by_user,manually checked against the matching review image
fci_day_5398,fci,day,5398,A37,occupied,occupied,verified,manually_verified_by_user,manually checked against the matching review image
fci_day_5398,fci,day,5398,A38,occupied,occupied,verified,manually_verified_by_user,manually checked against the matching review image
fci_day_5398,fci,day,5398,A39,occupied,occupied,verified,manually_verified_by_user,manually checked against the matching review image
fci_day_5398,fci,day,5398,A40,occupied,occupied,verified,manually_verified_by_user,manually checked against the matching review image
fci_day_5398,fci,day,5398,A41,occupied,occupied,verified,manually_verified_by_user,manually checked against the matching review image
fci_day_5398,fci,day,5398,A42,occupied,occupied,verified,manually_verified_by_user,manually checked against the matching review image
fci_day_5398,fci,day,5398,A43,occupied,occupied,verified,manually_verified_by_user,manually checked against the matching review image
fci_day_5398,fci,day,5398,A44,occupied,occupied,verified,manually_verified_by_user,manually checked against the matching review image
fci_day_5398,fci,day,5398,A45,occupied,occupied,verified,manually_verified_by_user,manually checked against the matching review image
fci_day_5398,fci,day,5398,A46,occupied,occupied,verified,manually_verified_by_user,manually checked against the matching review image
fci_day_5398,fci,day,5398,A47,occupied,occupied,verified,manually_verified_by_user,manually checked against the matching review image
fci_day_5398,fci,day,5398,A48,occupied,occupied,verified,manually_verified_by_user,manually checked against the matching review image
fci_day_5398,fci,day,5398,A49,occupied,occupied,verified,manually_verified_by_user,manually checked against the matching review image
fci_day_5398,fci,day,5398,A50,occluded,occluded,verified,manually_verified_by_user,manually checked against the matching review image
fci_day_5398,fci,day,5398,A51,occupied,occupied,verified,manually_verified_by_user,manually checked against the matching review image
fci_day_5398,fci,day,5398,A52,occupied,occupied,verified,manually_verified_by_user,manually checked against the matching review image
fci_day_5398,fci,day,5398,A53,occupied,occupied,verified,manually_verified_by_user,manually checked against the matching review image
fci_day_5398,fci,day,5398,A54,occupied,occupied,verified,manually_verified_by_user,manually checked against the matching review image
fci_day_5398,fci,day,5398,A55,occupied,occupied,verified,manually_verified_by_user,manually checked against the matching review image
fci_day_5398,fci,day,5398,A56,occupied,occupied,verified,manually_verified_by_user,manually checked against the matching review image
fci_day_5398,fci,day,5398,A57,occupied,occupied,verified,manually_verified_by_user,manually checked against the matching review image
fci_day_5398,fci,day,5398,A58,occupied,occupied,verified,manually_verified_by_user,manually checked against the matching review image
fci_day_5398,fci,day,5398,A59,occupied,occupied,verified,manually_verified_by_user,manually checked against the matching review image
fci_day_5398,fci,day,5398,A60,occluded,occluded,verified,manually_verified_by_user,manually checked against the matching review image
fci_day_5398,fci,day,5398,A61,occluded,occluded,verified,manually_verified_by_user,manually checked against the matching review image
fci_day_5398,fci,day,5398,A62,occluded,occluded,verified,manually_verified_by_user,manually checked against the matching review image
fci_day_5398,fci,day,5398,A63,occupied,occupied,verified,manually_verified_by_user,manually checked against the matching review image
fci_day_5398,fci,day,5398,A64,occupied,occupied,verified,manually_verified_by_user,manually checked against the matching review image
fci_day_5398,fci,day,5398,A65,occupied,occupied,verified,manually_verified_by_user,manually checked against the matching review image
fci_day_5398,fci,day,5398,A66,occupied,occupied,verified,manually_verified_by_user,manually checked against the matching review image
fci_day_5398,fci,day,5398,A67,occupied,occupied,verified,manually_verified_by_user,manually checked against the matching review image
fci_day_5398,fci,day,5398,A68,occupied,occupied,verified,manually_verified_by_user,manually checked against the matching review image
fci_day_5398,fci,day,5398,A69,occupied,occupied,verified,manually_verified_by_user,manually checked against the matching review image
fci_day_5398,fci,day,5398,A70,occupied,occupied,verified,manually_verified_by_user,manually checked against the matching review image
fci_day_5398,fci,day,5398,A71,occupied,occupied,verified,manually_verified_by_user,manually checked against the matching review image
fci_day_5398,fci,day,5398,A72,occupied,occupied,verified,manually_verified_by_user,manually checked against the matching review image
fci_day_5398,fci,day,5398,A73,occupied,occupied,verified,manually_verified_by_user,manually checked against the matching review image
fci_day_5398,fci,day,5398,A74,occupied,occupied,verified,manually_verified_by_user,manually checked against the matching review image
fci_day_5398,fci,day,5398,A75,occupied,occupied,verified,manually_verified_by_user,manually checked against the matching review image
fci_day_5398,fci,day,5398,A76,occupied,occupied,verified,manually_verified_by_user,manually checked against the matching review image
fci_day_5398,fci,day,5398,A77,occupied,occupied,verified,manually_verified_by_user,manually checked against the matching review image
fci_day_5398,fci,day,5398,A78,occupied,occupied,verified,manually_verified_by_user,manually checked against the matching review image
fci_day_7198,fci,day,7198,A1,occupied,occupied,verified,manually_verified_by_user,manually checked against the matching review image
fci_day_7198,fci,day,7198,A2,occupied,occupied,verified,manually_verified_by_user,manually checked against the matching review image
fci_day_7198,fci,day,7198,A3,occupied,occupied,verified,manually_verified_by_user,manually checked against the matching review image
fci_day_7198,fci,day,7198,A4,occupied,occupied,verified,manually_verified_by_user,manually checked against the matching review image
fci_day_7198,fci,day,7198,A5,occupied,occupied,verified,manually_verified_by_user,manually checked against the matching review image
fci_day_7198,fci,day,7198,A6,occupied,occupied,verified,manually_verified_by_user,manually checked against the matching review image
fci_day_7198,fci,day,7198,A7,occluded,occluded,verified,manually_verified_by_user,manually checked against the matching review image
fci_day_7198,fci,day,7198,A8,occupied,occupied,verified,manually_verified_by_user,manually checked against the matching review image
fci_day_7198,fci,day,7198,A9,occupied,occupied,verified,manually_verified_by_user,manually checked against the matching review image
fci_day_7198,fci,day,7198,A10,occupied,occupied,verified,manually_verified_by_user,manually checked against the matching review image
fci_day_7198,fci,day,7198,A11,occupied,occupied,verified,manually_verified_by_user,manually checked against the matching review image
fci_day_7198,fci,day,7198,A12,occupied,occupied,verified,manually_verified_by_user,manually checked against the matching review image
fci_day_7198,fci,day,7198,A13,occupied,occupied,verified,manually_verified_by_user,manually checked against the matching review image
fci_day_7198,fci,day,7198,A14,occupied,occupied,verified,manually_verified_by_user,manually checked against the matching review image
fci_day_7198,fci,day,7198,A15,occupied,occupied,verified,manually_verified_by_user,manually checked against the matching review image
fci_day_7198,fci,day,7198,A16,occupied,occupied,verified,manually_verified_by_user,manually checked against the matching review image
fci_day_7198,fci,day,7198,A17,occupied,occupied,verified,manually_verified_by_user,manually checked against the matching review image
fci_day_7198,fci,day,7198,A18,occupied,occupied,verified,manually_verified_by_user,manually checked against the matching review image
fci_day_7198,fci,day,7198,A19,occupied,occupied,verified,manually_verified_by_user,manually checked against the matching review image
fci_day_7198,fci,day,7198,A20,occupied,occupied,verified,manually_verified_by_user,manually checked against the matching review image
fci_day_7198,fci,day,7198,A21,occupied,occupied,verified,manually_verified_by_user,manually checked against the matching review image
fci_day_7198,fci,day,7198,A22,occupied,occupied,verified,manually_verified_by_user,manually checked against the matching review image
fci_day_7198,fci,day,7198,A23,available,available,verified,manually_verified_by_user,manually checked against the matching review image
fci_day_7198,fci,day,7198,A24,occupied,occupied,verified,manually_verified_by_user,manually checked against the matching review image
fci_day_7198,fci,day,7198,A25,occupied,occupied,verified,manually_verified_by_user,manually checked against the matching review image
fci_day_7198,fci,day,7198,A26,occupied,occupied,verified,manually_verified_by_user,manually checked against the matching review image
fci_day_7198,fci,day,7198,A27,occupied,occupied,verified,manually_verified_by_user,manually checked against the matching review image
fci_day_7198,fci,day,7198,A28,available,available,verified,manually_verified_by_user,manually checked against the matching review image
fci_day_7198,fci,day,7198,A29,occupied,occupied,verified,manually_verified_by_user,manually checked against the matching review image
fci_day_7198,fci,day,7198,A30,occupied,occupied,verified,manually_verified_by_user,manually checked against the matching review image
fci_day_7198,fci,day,7198,A31,occupied,occupied,verified,manually_verified_by_user,manually checked against the matching review image
fci_day_7198,fci,day,7198,A32,occupied,occupied,verified,manually_verified_by_user,manually checked against the matching review image
fci_day_7198,fci,day,7198,A33,occupied,occupied,verified,manually_verified_by_user,manually checked against the matching review image
fci_day_7198,fci,day,7198,A34,occupied,occupied,verified,manually_verified_by_user,manually checked against the matching review image
fci_day_7198,fci,day,7198,A35,occupied,occupied,verified,manually_verified_by_user,manually checked against the matching review image
fci_day_7198,fci,day,7198,A36,available,available,verified,manually_verified_by_user,manually checked against the matching review image
fci_day_7198,fci,day,7198,A37,occupied,occupied,verified,manually_verified_by_user,manually checked against the matching review image
fci_day_7198,fci,day,7198,A38,occupied,occupied,verified,manually_verified_by_user,manually checked against the matching review image
fci_day_7198,fci,day,7198,A39,occupied,occupied,verified,manually_verified_by_user,manually checked against the matching review image
fci_day_7198,fci,day,7198,A40,occupied,occupied,verified,manually_verified_by_user,manually checked against the matching review image
fci_day_7198,fci,day,7198,A41,occupied,occupied,verified,manually_verified_by_user,manually checked against the matching review image
fci_day_7198,fci,day,7198,A42,occupied,occupied,verified,manually_verified_by_user,manually checked against the matching review image
fci_day_7198,fci,day,7198,A43,occupied,occupied,verified,manually_verified_by_user,manually checked against the matching review image
fci_day_7198,fci,day,7198,A44,occupied,occupied,verified,manually_verified_by_user,manually checked against the matching review image
fci_day_7198,fci,day,7198,A45,occupied,occupied,verified,manually_verified_by_user,manually checked against the matching review image
fci_day_7198,fci,day,7198,A46,occupied,occupied,verified,manually_verified_by_user,manually checked against the matching review image
fci_day_7198,fci,day,7198,A47,occupied,occupied,verified,manually_verified_by_user,manually checked against the matching review image
fci_day_7198,fci,day,7198,A48,occupied,occupied,verified,manually_verified_by_user,manually checked against the matching review image
fci_day_7198,fci,day,7198,A49,occupied,occupied,verified,manually_verified_by_user,manually checked against the matching review image
fci_day_7198,fci,day,7198,A50,occluded,occluded,verified,manually_verified_by_user,manually checked against the matching review image
fci_day_7198,fci,day,7198,A51,occupied,occupied,verified,manually_verified_by_user,manually checked against the matching review image
fci_day_7198,fci,day,7198,A52,occupied,occupied,verified,manually_verified_by_user,manually checked against the matching review image
fci_day_7198,fci,day,7198,A53,occupied,occupied,verified,manually_verified_by_user,manually checked against the matching review image
fci_day_7198,fci,day,7198,A54,occupied,occupied,verified,manually_verified_by_user,manually checked against the matching review image
fci_day_7198,fci,day,7198,A55,occupied,occupied,verified,manually_verified_by_user,manually checked against the matching review image
fci_day_7198,fci,day,7198,A56,occupied,occupied,verified,manually_verified_by_user,manually checked against the matching review image
fci_day_7198,fci,day,7198,A57,occupied,occupied,verified,manually_verified_by_user,manually checked against the matching review image
fci_day_7198,fci,day,7198,A58,occupied,occupied,verified,manually_verified_by_user,manually checked against the matching review image
fci_day_7198,fci,day,7198,A59,occupied,occupied,verified,manually_verified_by_user,manually checked against the matching review image
fci_day_7198,fci,day,7198,A60,occluded,occluded,verified,manually_verified_by_user,manually checked against the matching review image
fci_day_7198,fci,day,7198,A61,occluded,occluded,verified,manually_verified_by_user,manually checked against the matching review image
fci_day_7198,fci,day,7198,A62,occupied,occupied,verified,manually_verified_by_user,manually checked against the matching review image
fci_day_7198,fci,day,7198,A63,occupied,occupied,verified,manually_verified_by_user,manually checked against the matching review image
fci_day_7198,fci,day,7198,A64,occupied,occupied,verified,manually_verified_by_user,manually checked against the matching review image
fci_day_7198,fci,day,7198,A65,occupied,occupied,verified,manually_verified_by_user,manually checked against the matching review image
fci_day_7198,fci,day,7198,A66,occupied,occupied,verified,manually_verified_by_user,manually checked against the matching review image
fci_day_7198,fci,day,7198,A67,occupied,occupied,verified,manually_verified_by_user,manually checked against the matching review image
fci_day_7198,fci,day,7198,A68,occupied,occupied,verified,manually_verified_by_user,manually checked against the matching review image
fci_day_7198,fci,day,7198,A69,occupied,occupied,verified,manually_verified_by_user,manually checked against the matching review image
fci_day_7198,fci,day,7198,A70,occupied,occupied,verified,manually_verified_by_user,manually checked against the matching review image
fci_day_7198,fci,day,7198,A71,occupied,occupied,verified,manually_verified_by_user,manually checked against the matching review image
fci_day_7198,fci,day,7198,A72,occupied,occupied,verified,manually_verified_by_user,manually checked against the matching review image
fci_day_7198,fci,day,7198,A73,occupied,occupied,verified,manually_verified_by_user,manually checked against the matching review image
fci_day_7198,fci,day,7198,A74,occupied,occupied,verified,manually_verified_by_user,manually checked against the matching review image
fci_day_7198,fci,day,7198,A75,occupied,occupied,verified,manually_verified_by_user,manually checked against the matching review image
fci_day_7198,fci,day,7198,A76,occupied,occupied,verified,manually_verified_by_user,manually checked against the matching review image
fci_day_7198,fci,day,7198,A77,occupied,occupied,verified,manually_verified_by_user,manually checked against the matching review image
fci_day_7198,fci,day,7198,A78,occupied,occupied,verified,manually_verified_by_user,manually checked against the matching review image
fci_day_8998,fci,day,8998,A1,occupied,occupied,verified,manually_verified_by_user,manually checked against the matching review image
fci_day_8998,fci,day,8998,A2,occupied,occupied,verified,manually_verified_by_user,manually checked against the matching review image
fci_day_8998,fci,day,8998,A3,occupied,occupied,verified,manually_verified_by_user,manually checked against the matching review image
fci_day_8998,fci,day,8998,A4,occupied,occupied,verified,manually_verified_by_user,manually checked against the matching review image
fci_day_8998,fci,day,8998,A5,occupied,occupied,verified,manually_verified_by_user,manually checked against the matching review image
fci_day_8998,fci,day,8998,A6,occupied,occupied,verified,manually_verified_by_user,manually checked against the matching review image
fci_day_8998,fci,day,8998,A7,occupied,occupied,verified,manually_verified_by_user,manually checked against the matching review image
fci_day_8998,fci,day,8998,A8,occupied,occupied,verified,manually_verified_by_user,manually checked against the matching review image
fci_day_8998,fci,day,8998,A9,occupied,occupied,verified,manually_verified_by_user,manually checked against the matching review image
fci_day_8998,fci,day,8998,A10,occluded,occluded,verified,manually_verified_by_user,manually checked against the matching review image
fci_day_8998,fci,day,8998,A11,occupied,occupied,verified,manually_verified_by_user,manually checked against the matching review image
fci_day_8998,fci,day,8998,A12,occupied,occupied,verified,manually_verified_by_user,manually checked against the matching review image
fci_day_8998,fci,day,8998,A13,occupied,occupied,verified,manually_verified_by_user,manually checked against the matching review image
fci_day_8998,fci,day,8998,A14,occupied,occupied,verified,manually_verified_by_user,manually checked against the matching review image
fci_day_8998,fci,day,8998,A15,occupied,occupied,verified,manually_verified_by_user,manually checked against the matching review image
fci_day_8998,fci,day,8998,A16,occupied,occupied,verified,manually_verified_by_user,manually checked against the matching review image
fci_day_8998,fci,day,8998,A17,occupied,occupied,verified,manually_verified_by_user,manually checked against the matching review image
fci_day_8998,fci,day,8998,A18,occupied,occupied,verified,manually_verified_by_user,manually checked against the matching review image
fci_day_8998,fci,day,8998,A19,occupied,occupied,verified,manually_verified_by_user,manually checked against the matching review image
fci_day_8998,fci,day,8998,A20,occupied,occupied,verified,manually_verified_by_user,manually checked against the matching review image
fci_day_8998,fci,day,8998,A21,occupied,occupied,verified,manually_verified_by_user,manually checked against the matching review image
fci_day_8998,fci,day,8998,A22,occupied,occupied,verified,manually_verified_by_user,manually checked against the matching review image
fci_day_8998,fci,day,8998,A23,occupied,occupied,verified,manually_verified_by_user,manually checked against the matching review image
fci_day_8998,fci,day,8998,A24,occupied,occupied,verified,manually_verified_by_user,manually checked against the matching review image
fci_day_8998,fci,day,8998,A25,occupied,occupied,verified,manually_verified_by_user,manually checked against the matching review image
fci_day_8998,fci,day,8998,A26,occupied,occupied,verified,manually_verified_by_user,manually checked against the matching review image
fci_day_8998,fci,day,8998,A27,occupied,occupied,verified,manually_verified_by_user,manually checked against the matching review image
fci_day_8998,fci,day,8998,A28,available,available,verified,manually_verified_by_user,manually checked against the matching review image
fci_day_8998,fci,day,8998,A29,occupied,occupied,verified,manually_verified_by_user,manually checked against the matching review image
fci_day_8998,fci,day,8998,A30,occupied,occupied,verified,manually_verified_by_user,manually checked against the matching review image
fci_day_8998,fci,day,8998,A31,occupied,occupied,verified,manually_verified_by_user,manually checked against the matching review image
fci_day_8998,fci,day,8998,A32,occupied,occupied,verified,manually_verified_by_user,manually checked against the matching review image
fci_day_8998,fci,day,8998,A33,occupied,occupied,verified,manually_verified_by_user,manually checked against the matching review image
fci_day_8998,fci,day,8998,A34,occupied,occupied,verified,manually_verified_by_user,manually checked against the matching review image
fci_day_8998,fci,day,8998,A35,occupied,occupied,verified,manually_verified_by_user,manually checked against the matching review image
fci_day_8998,fci,day,8998,A36,occupied,occupied,verified,manually_verified_by_user,manually checked against the matching review image
fci_day_8998,fci,day,8998,A37,occupied,occupied,verified,manually_verified_by_user,manually checked against the matching review image
fci_day_8998,fci,day,8998,A38,occupied,occupied,verified,manually_verified_by_user,manually checked against the matching review image
fci_day_8998,fci,day,8998,A39,occupied,occupied,verified,manually_verified_by_user,manually checked against the matching review image
fci_day_8998,fci,day,8998,A40,occupied,occupied,verified,manually_verified_by_user,manually checked against the matching review image
fci_day_8998,fci,day,8998,A41,occupied,occupied,verified,manually_verified_by_user,manually checked against the matching review image
fci_day_8998,fci,day,8998,A42,available,available,verified,manually_verified_by_user,manually checked against the matching review image
fci_day_8998,fci,day,8998,A43,occupied,occupied,verified,manually_verified_by_user,manually checked against the matching review image
fci_day_8998,fci,day,8998,A44,occupied,occupied,verified,manually_verified_by_user,manually checked against the matching review image
fci_day_8998,fci,day,8998,A45,occupied,occupied,verified,manually_verified_by_user,manually checked against the matching review image
fci_day_8998,fci,day,8998,A46,occupied,occupied,verified,manually_verified_by_user,manually checked against the matching review image
fci_day_8998,fci,day,8998,A47,occupied,occupied,verified,manually_verified_by_user,manually checked against the matching review image
fci_day_8998,fci,day,8998,A48,occupied,occupied,verified,manually_verified_by_user,manually checked against the matching review image
fci_day_8998,fci,day,8998,A49,occupied,occupied,verified,manually_verified_by_user,manually checked against the matching review image
fci_day_8998,fci,day,8998,A50,occluded,occluded,verified,manually_verified_by_user,manually checked against the matching review image
fci_day_8998,fci,day,8998,A51,occupied,occupied,verified,manually_verified_by_user,manually checked against the matching review image
fci_day_8998,fci,day,8998,A52,occupied,occupied,verified,manually_verified_by_user,manually checked against the matching review image
fci_day_8998,fci,day,8998,A53,occupied,occupied,verified,manually_verified_by_user,manually checked against the matching review image
fci_day_8998,fci,day,8998,A54,occupied,occupied,verified,manually_verified_by_user,manually checked against the matching review image
fci_day_8998,fci,day,8998,A55,occupied,occupied,verified,manually_verified_by_user,manually checked against the matching review image
fci_day_8998,fci,day,8998,A56,occupied,occupied,verified,manually_verified_by_user,manually checked against the matching review image
fci_day_8998,fci,day,8998,A57,occupied,occupied,verified,manually_verified_by_user,manually checked against the matching review image
fci_day_8998,fci,day,8998,A58,occupied,occupied,verified,manually_verified_by_user,manually checked against the matching review image
fci_day_8998,fci,day,8998,A59,occupied,occupied,verified,manually_verified_by_user,manually checked against the matching review image
fci_day_8998,fci,day,8998,A60,occluded,occluded,verified,manually_verified_by_user,manually checked against the matching review image
fci_day_8998,fci,day,8998,A61,occluded,occluded,verified,manually_verified_by_user,manually checked against the matching review image
fci_day_8998,fci,day,8998,A62,occupied,occupied,verified,manually_verified_by_user,manually checked against the matching review image
fci_day_8998,fci,day,8998,A63,occupied,occupied,verified,manually_verified_by_user,manually checked against the matching review image
fci_day_8998,fci,day,8998,A64,occupied,occupied,verified,manually_verified_by_user,manually checked against the matching review image
fci_day_8998,fci,day,8998,A65,occupied,occupied,verified,manually_verified_by_user,manually checked against the matching review image
fci_day_8998,fci,day,8998,A66,occupied,occupied,verified,manually_verified_by_user,manually checked against the matching review image
fci_day_8998,fci,day,8998,A67,occupied,occupied,verified,manually_verified_by_user,manually checked against the matching review image
fci_day_8998,fci,day,8998,A68,occupied,occupied,verified,manually_verified_by_user,manually checked against the matching review image
fci_day_8998,fci,day,8998,A69,occupied,occupied,verified,manually_verified_by_user,manually checked against the matching review image
fci_day_8998,fci,day,8998,A70,occupied,occupied,verified,manually_verified_by_user,manually checked against the matching review image
fci_day_8998,fci,day,8998,A71,occupied,occupied,verified,manually_verified_by_user,manually checked against the matching review image
fci_day_8998,fci,day,8998,A72,occupied,occupied,verified,manually_verified_by_user,manually checked against the matching review image
fci_day_8998,fci,day,8998,A73,occupied,occupied,verified,manually_verified_by_user,manually checked against the matching review image
fci_day_8998,fci,day,8998,A74,occupied,occupied,verified,manually_verified_by_user,manually checked against the matching review image
fci_day_8998,fci,day,8998,A75,occupied,occupied,verified,manually_verified_by_user,manually checked against the matching review image
fci_day_8998,fci,day,8998,A76,occupied,occupied,verified,manually_verified_by_user,manually checked against the matching review image
fci_day_8998,fci,day,8998,A77,occupied,occupied,verified,manually_verified_by_user,manually checked against the matching review image
fci_day_8998,fci,day,8998,A78,occupied,occupied,verified,manually_verified_by_user,manually checked against the matching review image
fci_day_10797,fci,day,10797,A1,occupied,occupied,verified,manually_verified_by_user,manually checked against the matching review image
fci_day_10797,fci,day,10797,A2,occupied,occupied,verified,manually_verified_by_user,manually checked against the matching review image
fci_day_10797,fci,day,10797,A3,occupied,occupied,verified,manually_verified_by_user,manually checked against the matching review image
fci_day_10797,fci,day,10797,A4,occupied,occupied,verified,manually_verified_by_user,manually checked against the matching review image
fci_day_10797,fci,day,10797,A5,occupied,occupied,verified,manually_verified_by_user,manually checked against the matching review image
fci_day_10797,fci,day,10797,A6,occupied,occupied,verified,manually_verified_by_user,manually checked against the matching review image
fci_day_10797,fci,day,10797,A7,occluded,occluded,verified,manually_verified_by_user,manually checked against the matching review image
fci_day_10797,fci,day,10797,A8,occupied,occupied,verified,manually_verified_by_user,manually checked against the matching review image
fci_day_10797,fci,day,10797,A9,occupied,occupied,verified,manually_verified_by_user,manually checked against the matching review image
fci_day_10797,fci,day,10797,A10,occluded,occluded,verified,manually_verified_by_user,manually checked against the matching review image
fci_day_10797,fci,day,10797,A11,occupied,occupied,verified,manually_verified_by_user,manually checked against the matching review image
fci_day_10797,fci,day,10797,A12,occupied,occupied,verified,manually_verified_by_user,manually checked against the matching review image
fci_day_10797,fci,day,10797,A13,occupied,occupied,verified,manually_verified_by_user,manually checked against the matching review image
fci_day_10797,fci,day,10797,A14,occupied,occupied,verified,manually_verified_by_user,manually checked against the matching review image
fci_day_10797,fci,day,10797,A15,occupied,occupied,verified,manually_verified_by_user,manually checked against the matching review image
fci_day_10797,fci,day,10797,A16,occupied,occupied,verified,manually_verified_by_user,manually checked against the matching review image
fci_day_10797,fci,day,10797,A17,occupied,occupied,verified,manually_verified_by_user,manually checked against the matching review image
fci_day_10797,fci,day,10797,A18,occupied,occupied,verified,manually_verified_by_user,manually checked against the matching review image
fci_day_10797,fci,day,10797,A19,occupied,occupied,verified,manually_verified_by_user,manually checked against the matching review image
fci_day_10797,fci,day,10797,A20,occupied,occupied,verified,manually_verified_by_user,manually checked against the matching review image
fci_day_10797,fci,day,10797,A21,occupied,occupied,verified,manually_verified_by_user,manually checked against the matching review image
fci_day_10797,fci,day,10797,A22,occupied,occupied,verified,manually_verified_by_user,manually checked against the matching review image
fci_day_10797,fci,day,10797,A23,occupied,occupied,verified,manually_verified_by_user,manually checked against the matching review image
fci_day_10797,fci,day,10797,A24,occupied,occupied,verified,manually_verified_by_user,manually checked against the matching review image
fci_day_10797,fci,day,10797,A25,occupied,occupied,verified,manually_verified_by_user,manually checked against the matching review image
fci_day_10797,fci,day,10797,A26,occupied,occupied,verified,manually_verified_by_user,manually checked against the matching review image
fci_day_10797,fci,day,10797,A27,occupied,occupied,verified,manually_verified_by_user,manually checked against the matching review image
fci_day_10797,fci,day,10797,A28,occupied,occupied,verified,manually_verified_by_user,manually checked against the matching review image
fci_day_10797,fci,day,10797,A29,occupied,occupied,verified,manually_verified_by_user,manually checked against the matching review image
fci_day_10797,fci,day,10797,A30,occupied,occupied,verified,manually_verified_by_user,manually checked against the matching review image
fci_day_10797,fci,day,10797,A31,occupied,occupied,verified,manually_verified_by_user,manually checked against the matching review image
fci_day_10797,fci,day,10797,A32,occupied,occupied,verified,manually_verified_by_user,manually checked against the matching review image
fci_day_10797,fci,day,10797,A33,occupied,occupied,verified,manually_verified_by_user,manually checked against the matching review image
fci_day_10797,fci,day,10797,A34,occupied,occupied,verified,manually_verified_by_user,manually checked against the matching review image
fci_day_10797,fci,day,10797,A35,occupied,occupied,verified,manually_verified_by_user,manually checked against the matching review image
fci_day_10797,fci,day,10797,A36,occupied,occupied,verified,manually_verified_by_user,manually checked against the matching review image
fci_day_10797,fci,day,10797,A37,occupied,occupied,verified,manually_verified_by_user,manually checked against the matching review image
fci_day_10797,fci,day,10797,A38,occupied,occupied,verified,manually_verified_by_user,manually checked against the matching review image
fci_day_10797,fci,day,10797,A39,occupied,occupied,verified,manually_verified_by_user,manually checked against the matching review image
fci_day_10797,fci,day,10797,A40,occupied,occupied,verified,manually_verified_by_user,manually checked against the matching review image
fci_day_10797,fci,day,10797,A41,occupied,occupied,verified,manually_verified_by_user,manually checked against the matching review image
fci_day_10797,fci,day,10797,A42,available,available,verified,manually_verified_by_user,manually checked against the matching review image
fci_day_10797,fci,day,10797,A43,occupied,occupied,verified,manually_verified_by_user,manually checked against the matching review image
fci_day_10797,fci,day,10797,A44,occupied,occupied,verified,manually_verified_by_user,manually checked against the matching review image
fci_day_10797,fci,day,10797,A45,occupied,occupied,verified,manually_verified_by_user,manually checked against the matching review image
fci_day_10797,fci,day,10797,A46,occupied,occupied,verified,manually_verified_by_user,manually checked against the matching review image
fci_day_10797,fci,day,10797,A47,occupied,occupied,verified,manually_verified_by_user,manually checked against the matching review image
fci_day_10797,fci,day,10797,A48,occupied,occupied,verified,manually_verified_by_user,manually checked against the matching review image
fci_day_10797,fci,day,10797,A49,occupied,occupied,verified,manually_verified_by_user,manually checked against the matching review image
fci_day_10797,fci,day,10797,A50,occluded,occluded,verified,manually_verified_by_user,manually checked against the matching review image
fci_day_10797,fci,day,10797,A51,occupied,occupied,verified,manually_verified_by_user,manually checked against the matching review image
fci_day_10797,fci,day,10797,A52,occupied,occupied,verified,manually_verified_by_user,manually checked against the matching review image
fci_day_10797,fci,day,10797,A53,occupied,occupied,verified,manually_verified_by_user,manually checked against the matching review image
fci_day_10797,fci,day,10797,A54,occupied,occupied,verified,manually_verified_by_user,manually checked against the matching review image
fci_day_10797,fci,day,10797,A55,occupied,occupied,verified,manually_verified_by_user,manually checked against the matching review image
fci_day_10797,fci,day,10797,A56,occupied,occupied,verified,manually_verified_by_user,manually checked against the matching review image
fci_day_10797,fci,day,10797,A57,occupied,occupied,verified,manually_verified_by_user,manually checked against the matching review image
fci_day_10797,fci,day,10797,A58,occupied,occupied,verified,manually_verified_by_user,manually checked against the matching review image
fci_day_10797,fci,day,10797,A59,occupied,occupied,verified,manually_verified_by_user,manually checked against the matching review image
fci_day_10797,fci,day,10797,A60,occluded,occluded,verified,manually_verified_by_user,manually checked against the matching review image
fci_day_10797,fci,day,10797,A61,occluded,occluded,verified,manually_verified_by_user,manually checked against the matching review image
fci_day_10797,fci,day,10797,A62,occupied,occupied,verified,manually_verified_by_user,manually checked against the matching review image
fci_day_10797,fci,day,10797,A63,occupied,occupied,verified,manually_verified_by_user,manually checked against the matching review image
fci_day_10797,fci,day,10797,A64,occluded,occluded,verified,manually_verified_by_user,manually checked against the matching review image
fci_day_10797,fci,day,10797,A65,occupied,occupied,verified,manually_verified_by_user,manually checked against the matching review image
fci_day_10797,fci,day,10797,A66,occupied,occupied,verified,manually_verified_by_user,manually checked against the matching review image
fci_day_10797,fci,day,10797,A67,occupied,occupied,verified,manually_verified_by_user,manually checked against the matching review image
fci_day_10797,fci,day,10797,A68,occupied,occupied,verified,manually_verified_by_user,manually checked against the matching review image
fci_day_10797,fci,day,10797,A69,occupied,occupied,verified,manually_verified_by_user,manually checked against the matching review image
fci_day_10797,fci,day,10797,A70,occupied,occupied,verified,manually_verified_by_user,manually checked against the matching review image
fci_day_10797,fci,day,10797,A71,occupied,occupied,verified,manually_verified_by_user,manually checked against the matching review image
fci_day_10797,fci,day,10797,A72,occupied,occupied,verified,manually_verified_by_user,manually checked against the matching review image
fci_day_10797,fci,day,10797,A73,occupied,occupied,verified,manually_verified_by_user,manually checked against the matching review image
fci_day_10797,fci,day,10797,A74,occupied,occupied,verified,manually_verified_by_user,manually checked against the matching review image
fci_day_10797,fci,day,10797,A75,occupied,occupied,verified,manually_verified_by_user,manually checked against the matching review image
fci_day_10797,fci,day,10797,A76,occupied,occupied,verified,manually_verified_by_user,manually checked against the matching review image
fci_day_10797,fci,day,10797,A77,occupied,occupied,verified,manually_verified_by_user,manually checked against the matching review image
fci_day_10797,fci,day,10797,A78,occupied,occupied,verified,manually_verified_by_user,manually checked against the matching review image
fci_day_12597,fci,day,12597,A1,occupied,occupied,verified,manually_verified_by_user,manually checked against the matching review image
fci_day_12597,fci,day,12597,A2,occupied,occupied,verified,manually_verified_by_user,manually checked against the matching review image
fci_day_12597,fci,day,12597,A3,occupied,occupied,verified,manually_verified_by_user,manually checked against the matching review image
fci_day_12597,fci,day,12597,A4,occupied,occupied,verified,manually_verified_by_user,manually checked against the matching review image
fci_day_12597,fci,day,12597,A5,occupied,occupied,verified,manually_verified_by_user,manually checked against the matching review image
fci_day_12597,fci,day,12597,A6,occupied,occupied,verified,manually_verified_by_user,manually checked against the matching review image
fci_day_12597,fci,day,12597,A7,occluded,occluded,verified,manually_verified_by_user,manually checked against the matching review image
fci_day_12597,fci,day,12597,A8,occupied,occupied,verified,manually_verified_by_user,manually checked against the matching review image
fci_day_12597,fci,day,12597,A9,occupied,occupied,verified,manually_verified_by_user,manually checked against the matching review image
fci_day_12597,fci,day,12597,A10,occluded,occluded,verified,manually_verified_by_user,manually checked against the matching review image
fci_day_12597,fci,day,12597,A11,occupied,occupied,verified,manually_verified_by_user,manually checked against the matching review image
fci_day_12597,fci,day,12597,A12,occupied,occupied,verified,manually_verified_by_user,manually checked against the matching review image
fci_day_12597,fci,day,12597,A13,occupied,occupied,verified,manually_verified_by_user,manually checked against the matching review image
fci_day_12597,fci,day,12597,A14,occupied,occupied,verified,manually_verified_by_user,manually checked against the matching review image
fci_day_12597,fci,day,12597,A15,occupied,occupied,verified,manually_verified_by_user,manually checked against the matching review image
fci_day_12597,fci,day,12597,A16,occupied,occupied,verified,manually_verified_by_user,manually checked against the matching review image
fci_day_12597,fci,day,12597,A17,occupied,occupied,verified,manually_verified_by_user,manually checked against the matching review image
fci_day_12597,fci,day,12597,A18,occupied,occupied,verified,manually_verified_by_user,manually checked against the matching review image
fci_day_12597,fci,day,12597,A19,occupied,occupied,verified,manually_verified_by_user,manually checked against the matching review image
fci_day_12597,fci,day,12597,A20,occupied,occupied,verified,manually_verified_by_user,manually checked against the matching review image
fci_day_12597,fci,day,12597,A21,occupied,occupied,verified,manually_verified_by_user,manually checked against the matching review image
fci_day_12597,fci,day,12597,A22,occupied,occupied,verified,manually_verified_by_user,manually checked against the matching review image
fci_day_12597,fci,day,12597,A23,occupied,occupied,verified,manually_verified_by_user,manually checked against the matching review image
fci_day_12597,fci,day,12597,A24,occupied,occupied,verified,manually_verified_by_user,manually checked against the matching review image
fci_day_12597,fci,day,12597,A25,occupied,occupied,verified,manually_verified_by_user,manually checked against the matching review image
fci_day_12597,fci,day,12597,A26,occupied,occupied,verified,manually_verified_by_user,manually checked against the matching review image
fci_day_12597,fci,day,12597,A27,occupied,occupied,verified,manually_verified_by_user,manually checked against the matching review image
fci_day_12597,fci,day,12597,A28,occupied,occupied,verified,manually_verified_by_user,manually checked against the matching review image
fci_day_12597,fci,day,12597,A29,occupied,occupied,verified,manually_verified_by_user,manually checked against the matching review image
fci_day_12597,fci,day,12597,A30,occupied,occupied,verified,manually_verified_by_user,manually checked against the matching review image
fci_day_12597,fci,day,12597,A31,occupied,occupied,verified,manually_verified_by_user,manually checked against the matching review image
fci_day_12597,fci,day,12597,A32,occupied,occupied,verified,manually_verified_by_user,manually checked against the matching review image
fci_day_12597,fci,day,12597,A33,occupied,occupied,verified,manually_verified_by_user,manually checked against the matching review image
fci_day_12597,fci,day,12597,A34,occupied,occupied,verified,manually_verified_by_user,manually checked against the matching review image
fci_day_12597,fci,day,12597,A35,occupied,occupied,verified,manually_verified_by_user,manually checked against the matching review image
fci_day_12597,fci,day,12597,A36,occupied,occupied,verified,manually_verified_by_user,manually checked against the matching review image
fci_day_12597,fci,day,12597,A37,occupied,occupied,verified,manually_verified_by_user,manually checked against the matching review image
fci_day_12597,fci,day,12597,A38,occupied,occupied,verified,manually_verified_by_user,manually checked against the matching review image
fci_day_12597,fci,day,12597,A39,occupied,occupied,verified,manually_verified_by_user,manually checked against the matching review image
fci_day_12597,fci,day,12597,A40,occupied,occupied,verified,manually_verified_by_user,manually checked against the matching review image
fci_day_12597,fci,day,12597,A41,occupied,occupied,verified,manually_verified_by_user,manually checked against the matching review image
fci_day_12597,fci,day,12597,A42,occupied,occupied,verified,manually_verified_by_user,manually checked against the matching review image
fci_day_12597,fci,day,12597,A43,occupied,occupied,verified,manually_verified_by_user,manually checked against the matching review image
fci_day_12597,fci,day,12597,A44,occupied,occupied,verified,manually_verified_by_user,manually checked against the matching review image
fci_day_12597,fci,day,12597,A45,occupied,occupied,verified,manually_verified_by_user,manually checked against the matching review image
fci_day_12597,fci,day,12597,A46,occupied,occupied,verified,manually_verified_by_user,manually checked against the matching review image
fci_day_12597,fci,day,12597,A47,occupied,occupied,verified,manually_verified_by_user,manually checked against the matching review image
fci_day_12597,fci,day,12597,A48,occupied,occupied,verified,manually_verified_by_user,manually checked against the matching review image
fci_day_12597,fci,day,12597,A49,occupied,occupied,verified,manually_verified_by_user,manually checked against the matching review image
fci_day_12597,fci,day,12597,A50,occluded,occluded,verified,manually_verified_by_user,manually checked against the matching review image
fci_day_12597,fci,day,12597,A51,occupied,occupied,verified,manually_verified_by_user,manually checked against the matching review image
fci_day_12597,fci,day,12597,A52,occupied,occupied,verified,manually_verified_by_user,manually checked against the matching review image
fci_day_12597,fci,day,12597,A53,occupied,occupied,verified,manually_verified_by_user,manually checked against the matching review image
fci_day_12597,fci,day,12597,A54,occupied,occupied,verified,manually_verified_by_user,manually checked against the matching review image
fci_day_12597,fci,day,12597,A55,occupied,occupied,verified,manually_verified_by_user,manually checked against the matching review image
fci_day_12597,fci,day,12597,A56,occupied,occupied,verified,manually_verified_by_user,manually checked against the matching review image
fci_day_12597,fci,day,12597,A57,occupied,occupied,verified,manually_verified_by_user,manually checked against the matching review image
fci_day_12597,fci,day,12597,A58,occupied,occupied,verified,manually_verified_by_user,manually checked against the matching review image
fci_day_12597,fci,day,12597,A59,occupied,occupied,verified,manually_verified_by_user,manually checked against the matching review image
fci_day_12597,fci,day,12597,A60,occluded,occluded,verified,manually_verified_by_user,manually checked against the matching review image
fci_day_12597,fci,day,12597,A61,occluded,occluded,verified,manually_verified_by_user,manually checked against the matching review image
fci_day_12597,fci,day,12597,A62,occupied,occupied,verified,manually_verified_by_user,manually checked against the matching review image
fci_day_12597,fci,day,12597,A63,occupied,occupied,verified,manually_verified_by_user,manually checked against the matching review image
fci_day_12597,fci,day,12597,A64,occupied,occupied,verified,manually_verified_by_user,manually checked against the matching review image
fci_day_12597,fci,day,12597,A65,occupied,occupied,verified,manually_verified_by_user,manually checked against the matching review image
fci_day_12597,fci,day,12597,A66,occupied,occupied,verified,manually_verified_by_user,manually checked against the matching review image
fci_day_12597,fci,day,12597,A67,occupied,occupied,verified,manually_verified_by_user,manually checked against the matching review image
fci_day_12597,fci,day,12597,A68,occupied,occupied,verified,manually_verified_by_user,manually checked against the matching review image
fci_day_12597,fci,day,12597,A69,occupied,occupied,verified,manually_verified_by_user,manually checked against the matching review image
fci_day_12597,fci,day,12597,A70,occupied,occupied,verified,manually_verified_by_user,manually checked against the matching review image
fci_day_12597,fci,day,12597,A71,occupied,occupied,verified,manually_verified_by_user,manually checked against the matching review image
fci_day_12597,fci,day,12597,A72,occupied,occupied,verified,manually_verified_by_user,manually checked against the matching review image
fci_day_12597,fci,day,12597,A73,occupied,occupied,verified,manually_verified_by_user,manually checked against the matching review image
fci_day_12597,fci,day,12597,A74,occupied,occupied,verified,manually_verified_by_user,manually checked against the matching review image
fci_day_12597,fci,day,12597,A75,occupied,occupied,verified,manually_verified_by_user,manually checked against the matching review image
fci_day_12597,fci,day,12597,A76,occupied,occupied,verified,manually_verified_by_user,manually checked against the matching review image
fci_day_12597,fci,day,12597,A77,occupied,occupied,verified,manually_verified_by_user,manually checked against the matching review image
fci_day_12597,fci,day,12597,A78,occupied,occupied,verified,manually_verified_by_user,manually checked against the matching review image
fci_day_14397,fci,day,14397,A1,occupied,occupied,verified,manually_verified_by_user,manually checked against the matching review image
fci_day_14397,fci,day,14397,A2,occupied,occupied,verified,manually_verified_by_user,manually checked against the matching review image
fci_day_14397,fci,day,14397,A3,occupied,occupied,verified,manually_verified_by_user,manually checked against the matching review image
fci_day_14397,fci,day,14397,A4,occupied,occupied,verified,manually_verified_by_user,manually checked against the matching review image
fci_day_14397,fci,day,14397,A5,occupied,occupied,verified,manually_verified_by_user,manually checked against the matching review image
fci_day_14397,fci,day,14397,A6,occupied,occupied,verified,manually_verified_by_user,manually checked against the matching review image
fci_day_14397,fci,day,14397,A7,occupied,occupied,verified,manually_verified_by_user,manually checked against the matching review image
fci_day_14397,fci,day,14397,A8,occupied,occupied,verified,manually_verified_by_user,manually checked against the matching review image
fci_day_14397,fci,day,14397,A9,occupied,occupied,verified,manually_verified_by_user,manually checked against the matching review image
fci_day_14397,fci,day,14397,A10,occluded,occluded,verified,manually_verified_by_user,manually checked against the matching review image
fci_day_14397,fci,day,14397,A11,occupied,occupied,verified,manually_verified_by_user,manually checked against the matching review image
fci_day_14397,fci,day,14397,A12,occupied,occupied,verified,manually_verified_by_user,manually checked against the matching review image
fci_day_14397,fci,day,14397,A13,occupied,occupied,verified,manually_verified_by_user,manually checked against the matching review image
fci_day_14397,fci,day,14397,A14,occupied,occupied,verified,manually_verified_by_user,manually checked against the matching review image
fci_day_14397,fci,day,14397,A15,occupied,occupied,verified,manually_verified_by_user,manually checked against the matching review image
fci_day_14397,fci,day,14397,A16,occupied,occupied,verified,manually_verified_by_user,manually checked against the matching review image
fci_day_14397,fci,day,14397,A17,occupied,occupied,verified,manually_verified_by_user,manually checked against the matching review image
fci_day_14397,fci,day,14397,A18,occupied,occupied,verified,manually_verified_by_user,manually checked against the matching review image
fci_day_14397,fci,day,14397,A19,occupied,occupied,verified,manually_verified_by_user,manually checked against the matching review image
fci_day_14397,fci,day,14397,A20,occupied,occupied,verified,manually_verified_by_user,manually checked against the matching review image
fci_day_14397,fci,day,14397,A21,occupied,occupied,verified,manually_verified_by_user,manually checked against the matching review image
fci_day_14397,fci,day,14397,A22,occupied,occupied,verified,manually_verified_by_user,manually checked against the matching review image
fci_day_14397,fci,day,14397,A23,occupied,occupied,verified,manually_verified_by_user,manually checked against the matching review image
fci_day_14397,fci,day,14397,A24,occupied,occupied,verified,manually_verified_by_user,manually checked against the matching review image
fci_day_14397,fci,day,14397,A25,occupied,occupied,verified,manually_verified_by_user,manually checked against the matching review image
fci_day_14397,fci,day,14397,A26,occupied,occupied,verified,manually_verified_by_user,manually checked against the matching review image
fci_day_14397,fci,day,14397,A27,occupied,occupied,verified,manually_verified_by_user,manually checked against the matching review image
fci_day_14397,fci,day,14397,A28,occupied,occupied,verified,manually_verified_by_user,manually checked against the matching review image
fci_day_14397,fci,day,14397,A29,occupied,occupied,verified,manually_verified_by_user,manually checked against the matching review image
fci_day_14397,fci,day,14397,A30,occupied,occupied,verified,manually_verified_by_user,manually checked against the matching review image
fci_day_14397,fci,day,14397,A31,occupied,occupied,verified,manually_verified_by_user,manually checked against the matching review image
fci_day_14397,fci,day,14397,A32,occupied,occupied,verified,manually_verified_by_user,manually checked against the matching review image
fci_day_14397,fci,day,14397,A33,occupied,occupied,verified,manually_verified_by_user,manually checked against the matching review image
fci_day_14397,fci,day,14397,A34,occupied,occupied,verified,manually_verified_by_user,manually checked against the matching review image
fci_day_14397,fci,day,14397,A35,occupied,occupied,verified,manually_verified_by_user,manually checked against the matching review image
fci_day_14397,fci,day,14397,A36,occupied,occupied,verified,manually_verified_by_user,manually checked against the matching review image
fci_day_14397,fci,day,14397,A37,occupied,occupied,verified,manually_verified_by_user,manually checked against the matching review image
fci_day_14397,fci,day,14397,A38,occupied,occupied,verified,manually_verified_by_user,manually checked against the matching review image
fci_day_14397,fci,day,14397,A39,occupied,occupied,verified,manually_verified_by_user,manually checked against the matching review image
fci_day_14397,fci,day,14397,A40,occupied,occupied,verified,manually_verified_by_user,manually checked against the matching review image
fci_day_14397,fci,day,14397,A41,occupied,occupied,verified,manually_verified_by_user,manually checked against the matching review image
fci_day_14397,fci,day,14397,A42,occupied,occupied,verified,manually_verified_by_user,manually checked against the matching review image
fci_day_14397,fci,day,14397,A43,occupied,occupied,verified,manually_verified_by_user,manually checked against the matching review image
fci_day_14397,fci,day,14397,A44,occupied,occupied,verified,manually_verified_by_user,manually checked against the matching review image
fci_day_14397,fci,day,14397,A45,occupied,occupied,verified,manually_verified_by_user,manually checked against the matching review image
fci_day_14397,fci,day,14397,A46,occupied,occupied,verified,manually_verified_by_user,manually checked against the matching review image
fci_day_14397,fci,day,14397,A47,occupied,occupied,verified,manually_verified_by_user,manually checked against the matching review image
fci_day_14397,fci,day,14397,A48,occupied,occupied,verified,manually_verified_by_user,manually checked against the matching review image
fci_day_14397,fci,day,14397,A49,occupied,occupied,verified,manually_verified_by_user,manually checked against the matching review image
fci_day_14397,fci,day,14397,A50,occluded,occluded,verified,manually_verified_by_user,manually checked against the matching review image
fci_day_14397,fci,day,14397,A51,occupied,occupied,verified,manually_verified_by_user,manually checked against the matching review image
fci_day_14397,fci,day,14397,A52,occupied,occupied,verified,manually_verified_by_user,manually checked against the matching review image
fci_day_14397,fci,day,14397,A53,occupied,occupied,verified,manually_verified_by_user,manually checked against the matching review image
fci_day_14397,fci,day,14397,A54,occupied,occupied,verified,manually_verified_by_user,manually checked against the matching review image
fci_day_14397,fci,day,14397,A55,occupied,occupied,verified,manually_verified_by_user,manually checked against the matching review image
fci_day_14397,fci,day,14397,A56,available,available,verified,manually_verified_by_user,manually checked against the matching review image
fci_day_14397,fci,day,14397,A57,occupied,occupied,verified,manually_verified_by_user,manually checked against the matching review image
fci_day_14397,fci,day,14397,A58,occupied,occupied,verified,manually_verified_by_user,manually checked against the matching review image
fci_day_14397,fci,day,14397,A59,occupied,occupied,verified,manually_verified_by_user,manually checked against the matching review image
fci_day_14397,fci,day,14397,A60,occluded,occluded,verified,manually_verified_by_user,manually checked against the matching review image
fci_day_14397,fci,day,14397,A61,occluded,occluded,verified,manually_verified_by_user,manually checked against the matching review image
fci_day_14397,fci,day,14397,A62,occupied,occupied,verified,manually_verified_by_user,manually checked against the matching review image
fci_day_14397,fci,day,14397,A63,occupied,occupied,verified,manually_verified_by_user,manually checked against the matching review image
fci_day_14397,fci,day,14397,A64,occupied,occupied,verified,manually_verified_by_user,manually checked against the matching review image
fci_day_14397,fci,day,14397,A65,occupied,occupied,verified,manually_verified_by_user,manually checked against the matching review image
fci_day_14397,fci,day,14397,A66,occupied,occupied,verified,manually_verified_by_user,manually checked against the matching review image
fci_day_14397,fci,day,14397,A67,occupied,occupied,verified,manually_verified_by_user,manually checked against the matching review image
fci_day_14397,fci,day,14397,A68,occupied,occupied,verified,manually_verified_by_user,manually checked against the matching review image
fci_day_14397,fci,day,14397,A69,occupied,occupied,verified,manually_verified_by_user,manually checked against the matching review image
fci_day_14397,fci,day,14397,A70,occupied,occupied,verified,manually_verified_by_user,manually checked against the matching review image
fci_day_14397,fci,day,14397,A71,occupied,occupied,verified,manually_verified_by_user,manually checked against the matching review image
fci_day_14397,fci,day,14397,A72,occupied,occupied,verified,manually_verified_by_user,manually checked against the matching review image
fci_day_14397,fci,day,14397,A73,occupied,occupied,verified,manually_verified_by_user,manually checked against the matching review image
fci_day_14397,fci,day,14397,A74,occupied,occupied,verified,manually_verified_by_user,manually checked against the matching review image
fci_day_14397,fci,day,14397,A75,occupied,occupied,verified,manually_verified_by_user,manually checked against the matching review image
fci_day_14397,fci,day,14397,A76,occupied,occupied,verified,manually_verified_by_user,manually checked against the matching review image
fci_day_14397,fci,day,14397,A77,occupied,occupied,verified,manually_verified_by_user,manually checked against the matching review image
fci_day_14397,fci,day,14397,A78,occupied,occupied,verified,manually_verified_by_user,manually checked against the matching review image
fci_day_16196,fci,day,16196,A1,occupied,occupied,verified,manually_verified_by_user,manually checked against the matching review image
fci_day_16196,fci,day,16196,A2,occupied,occupied,verified,manually_verified_by_user,manually checked against the matching review image
fci_day_16196,fci,day,16196,A3,available,available,verified,manually_verified_by_user,manually checked against the matching review image
fci_day_16196,fci,day,16196,A4,occupied,occupied,verified,manually_verified_by_user,manually checked against the matching review image
fci_day_16196,fci,day,16196,A5,occupied,occupied,verified,manually_verified_by_user,manually checked against the matching review image
fci_day_16196,fci,day,16196,A6,occupied,occupied,verified,manually_verified_by_user,manually checked against the matching review image
fci_day_16196,fci,day,16196,A7,occupied,occupied,verified,manually_verified_by_user,manually checked against the matching review image
fci_day_16196,fci,day,16196,A8,occupied,occupied,verified,manually_verified_by_user,manually checked against the matching review image
fci_day_16196,fci,day,16196,A9,occupied,occupied,verified,manually_verified_by_user,manually checked against the matching review image
fci_day_16196,fci,day,16196,A10,occluded,occluded,verified,manually_verified_by_user,manually checked against the matching review image
fci_day_16196,fci,day,16196,A11,occupied,occupied,verified,manually_verified_by_user,manually checked against the matching review image
fci_day_16196,fci,day,16196,A12,occupied,occupied,verified,manually_verified_by_user,manually checked against the matching review image
fci_day_16196,fci,day,16196,A13,occupied,occupied,verified,manually_verified_by_user,manually checked against the matching review image
fci_day_16196,fci,day,16196,A14,occupied,occupied,verified,manually_verified_by_user,manually checked against the matching review image
fci_day_16196,fci,day,16196,A15,occupied,occupied,verified,manually_verified_by_user,manually checked against the matching review image
fci_day_16196,fci,day,16196,A16,occupied,occupied,verified,manually_verified_by_user,manually checked against the matching review image
fci_day_16196,fci,day,16196,A17,occupied,occupied,verified,manually_verified_by_user,manually checked against the matching review image
fci_day_16196,fci,day,16196,A18,occupied,occupied,verified,manually_verified_by_user,manually checked against the matching review image
fci_day_16196,fci,day,16196,A19,occupied,occupied,verified,manually_verified_by_user,manually checked against the matching review image
fci_day_16196,fci,day,16196,A20,occupied,occupied,verified,manually_verified_by_user,manually checked against the matching review image
fci_day_16196,fci,day,16196,A21,occupied,occupied,verified,manually_verified_by_user,manually checked against the matching review image
fci_day_16196,fci,day,16196,A22,occupied,occupied,verified,manually_verified_by_user,manually checked against the matching review image
fci_day_16196,fci,day,16196,A23,occupied,occupied,verified,manually_verified_by_user,manually checked against the matching review image
fci_day_16196,fci,day,16196,A24,occupied,occupied,verified,manually_verified_by_user,manually checked against the matching review image
fci_day_16196,fci,day,16196,A25,occupied,occupied,verified,manually_verified_by_user,manually checked against the matching review image
fci_day_16196,fci,day,16196,A26,occupied,occupied,verified,manually_verified_by_user,manually checked against the matching review image
fci_day_16196,fci,day,16196,A27,occupied,occupied,verified,manually_verified_by_user,manually checked against the matching review image
fci_day_16196,fci,day,16196,A28,occupied,occupied,verified,manually_verified_by_user,manually checked against the matching review image
fci_day_16196,fci,day,16196,A29,occupied,occupied,verified,manually_verified_by_user,manually checked against the matching review image
fci_day_16196,fci,day,16196,A30,occupied,occupied,verified,manually_verified_by_user,manually checked against the matching review image
fci_day_16196,fci,day,16196,A31,occupied,occupied,verified,manually_verified_by_user,manually checked against the matching review image
fci_day_16196,fci,day,16196,A32,occupied,occupied,verified,manually_verified_by_user,manually checked against the matching review image
fci_day_16196,fci,day,16196,A33,occupied,occupied,verified,manually_verified_by_user,manually checked against the matching review image
fci_day_16196,fci,day,16196,A34,occupied,occupied,verified,manually_verified_by_user,manually checked against the matching review image
fci_day_16196,fci,day,16196,A35,occupied,occupied,verified,manually_verified_by_user,manually checked against the matching review image
fci_day_16196,fci,day,16196,A36,occupied,occupied,verified,manually_verified_by_user,manually checked against the matching review image
fci_day_16196,fci,day,16196,A37,occupied,occupied,verified,manually_verified_by_user,manually checked against the matching review image
fci_day_16196,fci,day,16196,A38,occupied,occupied,verified,manually_verified_by_user,manually checked against the matching review image
fci_day_16196,fci,day,16196,A39,occupied,occupied,verified,manually_verified_by_user,manually checked against the matching review image
fci_day_16196,fci,day,16196,A40,occupied,occupied,verified,manually_verified_by_user,manually checked against the matching review image
fci_day_16196,fci,day,16196,A41,occupied,occupied,verified,manually_verified_by_user,manually checked against the matching review image
fci_day_16196,fci,day,16196,A42,occupied,occupied,verified,manually_verified_by_user,manually checked against the matching review image
fci_day_16196,fci,day,16196,A43,occupied,occupied,verified,manually_verified_by_user,manually checked against the matching review image
fci_day_16196,fci,day,16196,A44,occupied,occupied,verified,manually_verified_by_user,manually checked against the matching review image
fci_day_16196,fci,day,16196,A45,occupied,occupied,verified,manually_verified_by_user,manually checked against the matching review image
fci_day_16196,fci,day,16196,A46,occupied,occupied,verified,manually_verified_by_user,manually checked against the matching review image
fci_day_16196,fci,day,16196,A47,occupied,occupied,verified,manually_verified_by_user,manually checked against the matching review image
fci_day_16196,fci,day,16196,A48,occupied,occupied,verified,manually_verified_by_user,manually checked against the matching review image
fci_day_16196,fci,day,16196,A49,occupied,occupied,verified,manually_verified_by_user,manually checked against the matching review image
fci_day_16196,fci,day,16196,A50,occluded,occluded,verified,manually_verified_by_user,manually checked against the matching review image
fci_day_16196,fci,day,16196,A51,occupied,occupied,verified,manually_verified_by_user,manually checked against the matching review image
fci_day_16196,fci,day,16196,A52,occupied,occupied,verified,manually_verified_by_user,manually checked against the matching review image
fci_day_16196,fci,day,16196,A53,occupied,occupied,verified,manually_verified_by_user,manually checked against the matching review image
fci_day_16196,fci,day,16196,A54,occupied,occupied,verified,manually_verified_by_user,manually checked against the matching review image
fci_day_16196,fci,day,16196,A55,occupied,occupied,verified,manually_verified_by_user,manually checked against the matching review image
fci_day_16196,fci,day,16196,A56,occupied,occupied,verified,manually_verified_by_user,manually checked against the matching review image
fci_day_16196,fci,day,16196,A57,occupied,occupied,verified,manually_verified_by_user,manually checked against the matching review image
fci_day_16196,fci,day,16196,A58,occupied,occupied,verified,manually_verified_by_user,manually checked against the matching review image
fci_day_16196,fci,day,16196,A59,occupied,occupied,verified,manually_verified_by_user,manually checked against the matching review image
fci_day_16196,fci,day,16196,A60,occluded,occluded,verified,manually_verified_by_user,manually checked against the matching review image
fci_day_16196,fci,day,16196,A61,occluded,occluded,verified,manually_verified_by_user,manually checked against the matching review image
fci_day_16196,fci,day,16196,A62,occluded,occluded,verified,manually_verified_by_user,manually checked against the matching review image
fci_day_16196,fci,day,16196,A63,occupied,occupied,verified,manually_verified_by_user,manually checked against the matching review image
fci_day_16196,fci,day,16196,A64,occupied,occupied,verified,manually_verified_by_user,manually checked against the matching review image
fci_day_16196,fci,day,16196,A65,occupied,occupied,verified,manually_verified_by_user,manually checked against the matching review image
fci_day_16196,fci,day,16196,A66,occupied,occupied,verified,manually_verified_by_user,manually checked against the matching review image
fci_day_16196,fci,day,16196,A67,occupied,occupied,verified,manually_verified_by_user,manually checked against the matching review image
fci_day_16196,fci,day,16196,A68,occupied,occupied,verified,manually_verified_by_user,manually checked against the matching review image
fci_day_16196,fci,day,16196,A69,occupied,occupied,verified,manually_verified_by_user,manually checked against the matching review image
fci_day_16196,fci,day,16196,A70,occupied,occupied,verified,manually_verified_by_user,manually checked against the matching review image
fci_day_16196,fci,day,16196,A71,occupied,occupied,verified,manually_verified_by_user,manually checked against the matching review image
fci_day_16196,fci,day,16196,A72,occupied,occupied,verified,manually_verified_by_user,manually checked against the matching review image
fci_day_16196,fci,day,16196,A73,occupied,occupied,verified,manually_verified_by_user,manually checked against the matching review image
fci_day_16196,fci,day,16196,A74,occupied,occupied,verified,manually_verified_by_user,manually checked against the matching review image
fci_day_16196,fci,day,16196,A75,occupied,occupied,verified,manually_verified_by_user,manually checked against the matching review image
fci_day_16196,fci,day,16196,A76,occupied,occupied,verified,manually_verified_by_user,manually checked against the matching review image
fci_day_16196,fci,day,16196,A77,occupied,occupied,verified,manually_verified_by_user,manually checked against the matching review image
fci_day_16196,fci,day,16196,A78,occupied,occupied,verified,manually_verified_by_user,manually checked against the matching review image
fci_day_17996,fci,day,17996,A1,occupied,occupied,verified,manually_verified_by_user,manually checked against the matching review image
fci_day_17996,fci,day,17996,A2,occupied,occupied,verified,manually_verified_by_user,manually checked against the matching review image
fci_day_17996,fci,day,17996,A3,occupied,occupied,verified,manually_verified_by_user,manually checked against the matching review image
fci_day_17996,fci,day,17996,A4,occupied,occupied,verified,manually_verified_by_user,manually checked against the matching review image
fci_day_17996,fci,day,17996,A5,occupied,occupied,verified,manually_verified_by_user,manually checked against the matching review image
fci_day_17996,fci,day,17996,A6,occupied,occupied,verified,manually_verified_by_user,manually checked against the matching review image
fci_day_17996,fci,day,17996,A7,occupied,occupied,verified,manually_verified_by_user,manually checked against the matching review image
fci_day_17996,fci,day,17996,A8,occupied,occupied,verified,manually_verified_by_user,manually checked against the matching review image
fci_day_17996,fci,day,17996,A9,occupied,occupied,verified,manually_verified_by_user,manually checked against the matching review image
fci_day_17996,fci,day,17996,A10,occluded,occluded,verified,manually_verified_by_user,manually checked against the matching review image
fci_day_17996,fci,day,17996,A11,occupied,occupied,verified,manually_verified_by_user,manually checked against the matching review image
fci_day_17996,fci,day,17996,A12,occupied,occupied,verified,manually_verified_by_user,manually checked against the matching review image
fci_day_17996,fci,day,17996,A13,occupied,occupied,verified,manually_verified_by_user,manually checked against the matching review image
fci_day_17996,fci,day,17996,A14,occupied,occupied,verified,manually_verified_by_user,manually checked against the matching review image
fci_day_17996,fci,day,17996,A15,occupied,occupied,verified,manually_verified_by_user,manually checked against the matching review image
fci_day_17996,fci,day,17996,A16,occupied,occupied,verified,manually_verified_by_user,manually checked against the matching review image
fci_day_17996,fci,day,17996,A17,occupied,occupied,verified,manually_verified_by_user,manually checked against the matching review image
fci_day_17996,fci,day,17996,A18,occupied,occupied,verified,manually_verified_by_user,manually checked against the matching review image
fci_day_17996,fci,day,17996,A19,occupied,occupied,verified,manually_verified_by_user,manually checked against the matching review image
fci_day_17996,fci,day,17996,A20,occupied,occupied,verified,manually_verified_by_user,manually checked against the matching review image
fci_day_17996,fci,day,17996,A21,occupied,occupied,verified,manually_verified_by_user,manually checked against the matching review image
fci_day_17996,fci,day,17996,A22,occupied,occupied,verified,manually_verified_by_user,manually checked against the matching review image
fci_day_17996,fci,day,17996,A23,occupied,occupied,verified,manually_verified_by_user,manually checked against the matching review image
fci_day_17996,fci,day,17996,A24,occupied,occupied,verified,manually_verified_by_user,manually checked against the matching review image
fci_day_17996,fci,day,17996,A25,occupied,occupied,verified,manually_verified_by_user,manually checked against the matching review image
fci_day_17996,fci,day,17996,A26,occupied,occupied,verified,manually_verified_by_user,manually checked against the matching review image
fci_day_17996,fci,day,17996,A27,occupied,occupied,verified,manually_verified_by_user,manually checked against the matching review image
fci_day_17996,fci,day,17996,A28,occupied,occupied,verified,manually_verified_by_user,manually checked against the matching review image
fci_day_17996,fci,day,17996,A29,occupied,occupied,verified,manually_verified_by_user,manually checked against the matching review image
fci_day_17996,fci,day,17996,A30,occupied,occupied,verified,manually_verified_by_user,manually checked against the matching review image
fci_day_17996,fci,day,17996,A31,occupied,occupied,verified,manually_verified_by_user,manually checked against the matching review image
fci_day_17996,fci,day,17996,A32,occupied,occupied,verified,manually_verified_by_user,manually checked against the matching review image
fci_day_17996,fci,day,17996,A33,occupied,occupied,verified,manually_verified_by_user,manually checked against the matching review image
fci_day_17996,fci,day,17996,A34,occupied,occupied,verified,manually_verified_by_user,manually checked against the matching review image
fci_day_17996,fci,day,17996,A35,occupied,occupied,verified,manually_verified_by_user,manually checked against the matching review image
fci_day_17996,fci,day,17996,A36,occupied,occupied,verified,manually_verified_by_user,manually checked against the matching review image
fci_day_17996,fci,day,17996,A37,occupied,occupied,verified,manually_verified_by_user,manually checked against the matching review image
fci_day_17996,fci,day,17996,A38,occupied,occupied,verified,manually_verified_by_user,manually checked against the matching review image
fci_day_17996,fci,day,17996,A39,occupied,occupied,verified,manually_verified_by_user,manually checked against the matching review image
fci_day_17996,fci,day,17996,A40,occupied,occupied,verified,manually_verified_by_user,manually checked against the matching review image
fci_day_17996,fci,day,17996,A41,occupied,occupied,verified,manually_verified_by_user,manually checked against the matching review image
fci_day_17996,fci,day,17996,A42,occupied,occupied,verified,manually_verified_by_user,manually checked against the matching review image
fci_day_17996,fci,day,17996,A43,occupied,occupied,verified,manually_verified_by_user,manually checked against the matching review image
fci_day_17996,fci,day,17996,A44,occupied,occupied,verified,manually_verified_by_user,manually checked against the matching review image
fci_day_17996,fci,day,17996,A45,occupied,occupied,verified,manually_verified_by_user,manually checked against the matching review image
fci_day_17996,fci,day,17996,A46,occupied,occupied,verified,manually_verified_by_user,manually checked against the matching review image
fci_day_17996,fci,day,17996,A47,occupied,occupied,verified,manually_verified_by_user,manually checked against the matching review image
fci_day_17996,fci,day,17996,A48,occupied,occupied,verified,manually_verified_by_user,manually checked against the matching review image
fci_day_17996,fci,day,17996,A49,occupied,occupied,verified,manually_verified_by_user,manually checked against the matching review image
fci_day_17996,fci,day,17996,A50,occluded,occluded,verified,manually_verified_by_user,manually checked against the matching review image
fci_day_17996,fci,day,17996,A51,occupied,occupied,verified,manually_verified_by_user,manually checked against the matching review image
fci_day_17996,fci,day,17996,A52,occupied,occupied,verified,manually_verified_by_user,manually checked against the matching review image
fci_day_17996,fci,day,17996,A53,occupied,occupied,verified,manually_verified_by_user,manually checked against the matching review image
fci_day_17996,fci,day,17996,A54,occupied,occupied,verified,manually_verified_by_user,manually checked against the matching review image
fci_day_17996,fci,day,17996,A55,occupied,occupied,verified,manually_verified_by_user,manually checked against the matching review image
fci_day_17996,fci,day,17996,A56,occupied,occupied,verified,manually_verified_by_user,manually checked against the matching review image
fci_day_17996,fci,day,17996,A57,occupied,occupied,verified,manually_verified_by_user,manually checked against the matching review image
fci_day_17996,fci,day,17996,A58,occupied,occupied,verified,manually_verified_by_user,manually checked against the matching review image
fci_day_17996,fci,day,17996,A59,occupied,occupied,verified,manually_verified_by_user,manually checked against the matching review image
fci_day_17996,fci,day,17996,A60,occluded,occluded,verified,manually_verified_by_user,manually checked against the matching review image
fci_day_17996,fci,day,17996,A61,occluded,occluded,verified,manually_verified_by_user,manually checked against the matching review image
fci_day_17996,fci,day,17996,A62,occupied,occupied,verified,manually_verified_by_user,manually checked against the matching review image
fci_day_17996,fci,day,17996,A63,occupied,occupied,verified,manually_verified_by_user,manually checked against the matching review image
fci_day_17996,fci,day,17996,A64,occupied,occupied,verified,manually_verified_by_user,manually checked against the matching review image
fci_day_17996,fci,day,17996,A65,occupied,occupied,verified,manually_verified_by_user,manually checked against the matching review image
fci_day_17996,fci,day,17996,A66,occupied,occupied,verified,manually_verified_by_user,manually checked against the matching review image
fci_day_17996,fci,day,17996,A67,occupied,occupied,verified,manually_verified_by_user,manually checked against the matching review image
fci_day_17996,fci,day,17996,A68,occupied,occupied,verified,manually_verified_by_user,manually checked against the matching review image
fci_day_17996,fci,day,17996,A69,occupied,occupied,verified,manually_verified_by_user,manually checked against the matching review image
fci_day_17996,fci,day,17996,A70,occupied,occupied,verified,manually_verified_by_user,manually checked against the matching review image
fci_day_17996,fci,day,17996,A71,occupied,occupied,verified,manually_verified_by_user,manually checked against the matching review image
fci_day_17996,fci,day,17996,A72,occupied,occupied,verified,manually_verified_by_user,manually checked against the matching review image
fci_day_17996,fci,day,17996,A73,occupied,occupied,verified,manually_verified_by_user,manually checked against the matching review image
fci_day_17996,fci,day,17996,A74,occupied,occupied,verified,manually_verified_by_user,manually checked against the matching review image
fci_day_17996,fci,day,17996,A75,occupied,occupied,verified,manually_verified_by_user,manually checked against the matching review image
fci_day_17996,fci,day,17996,A76,occupied,occupied,verified,manually_verified_by_user,manually checked against the matching review image
fci_day_17996,fci,day,17996,A77,occupied,occupied,verified,manually_verified_by_user,manually checked against the matching review image
fci_day_17996,fci,day,17996,A78,occupied,occupied,verified,manually_verified_by_user,manually checked against the matching review image
fci_night_0,fci,night,0,A1,available,available,verified,manually_verified_by_user,manually checked against the matching review image
fci_night_0,fci,night,0,A2,available,available,verified,manually_verified_by_user,manually checked against the matching review image
fci_night_0,fci,night,0,A3,available,available,verified,manually_verified_by_user,manually checked against the matching review image
fci_night_0,fci,night,0,A4,available,available,verified,manually_verified_by_user,manually checked against the matching review image
fci_night_0,fci,night,0,A5,available,available,verified,manually_verified_by_user,manually checked against the matching review image
fci_night_0,fci,night,0,A6,available,available,verified,manually_verified_by_user,manually checked against the matching review image
fci_night_0,fci,night,0,A7,available,available,verified,manually_verified_by_user,manually checked against the matching review image
fci_night_0,fci,night,0,A8,available,available,verified,manually_verified_by_user,manually checked against the matching review image
fci_night_0,fci,night,0,A9,available,available,verified,manually_verified_by_user,manually checked against the matching review image
fci_night_0,fci,night,0,A10,available,available,verified,manually_verified_by_user,manually checked against the matching review image
fci_night_0,fci,night,0,A11,available,available,verified,manually_verified_by_user,manually checked against the matching review image
fci_night_0,fci,night,0,A12,available,available,verified,manually_verified_by_user,manually checked against the matching review image
fci_night_0,fci,night,0,A13,available,available,verified,manually_verified_by_user,manually checked against the matching review image
fci_night_0,fci,night,0,A14,occupied,occupied,verified,manually_verified_by_user,manually checked against the matching review image
fci_night_0,fci,night,0,A15,available,available,verified,manually_verified_by_user,manually checked against the matching review image
fci_night_0,fci,night,0,A16,available,available,verified,manually_verified_by_user,manually checked against the matching review image
fci_night_0,fci,night,0,A17,available,available,verified,manually_verified_by_user,manually checked against the matching review image
fci_night_0,fci,night,0,A18,available,available,verified,manually_verified_by_user,manually checked against the matching review image
fci_night_0,fci,night,0,A19,available,available,verified,manually_verified_by_user,manually checked against the matching review image
fci_night_0,fci,night,0,A20,available,available,verified,manually_verified_by_user,manually checked against the matching review image
fci_night_0,fci,night,0,A21,available,available,verified,manually_verified_by_user,manually checked against the matching review image
fci_night_0,fci,night,0,A22,available,available,verified,manually_verified_by_user,manually checked against the matching review image
fci_night_0,fci,night,0,A23,available,available,verified,manually_verified_by_user,manually checked against the matching review image
fci_night_0,fci,night,0,A24,available,available,verified,manually_verified_by_user,manually checked against the matching review image
fci_night_0,fci,night,0,A25,available,available,verified,manually_verified_by_user,manually checked against the matching review image
fci_night_0,fci,night,0,A26,available,available,verified,manually_verified_by_user,manually checked against the matching review image
fci_night_0,fci,night,0,A27,occupied,occupied,verified,manually_verified_by_user,manually checked against the matching review image
fci_night_0,fci,night,0,A28,available,available,verified,manually_verified_by_user,manually checked against the matching review image
fci_night_0,fci,night,0,A29,occupied,occupied,verified,manually_verified_by_user,manually checked against the matching review image
fci_night_0,fci,night,0,A30,available,available,verified,manually_verified_by_user,manually checked against the matching review image
fci_night_0,fci,night,0,A31,available,available,verified,manually_verified_by_user,manually checked against the matching review image
fci_night_0,fci,night,0,A32,available,available,verified,manually_verified_by_user,manually checked against the matching review image
fci_night_0,fci,night,0,A33,available,available,verified,manually_verified_by_user,manually checked against the matching review image
fci_night_0,fci,night,0,A34,available,available,verified,manually_verified_by_user,manually checked against the matching review image
fci_night_0,fci,night,0,A35,available,available,verified,manually_verified_by_user,manually checked against the matching review image
fci_night_0,fci,night,0,A36,available,available,verified,manually_verified_by_user,manually checked against the matching review image
fci_night_0,fci,night,0,A37,available,available,verified,manually_verified_by_user,manually checked against the matching review image
fci_night_0,fci,night,0,A38,available,available,verified,manually_verified_by_user,manually checked against the matching review image
fci_night_0,fci,night,0,A39,available,available,verified,manually_verified_by_user,manually checked against the matching review image
fci_night_0,fci,night,0,A40,available,available,verified,manually_verified_by_user,manually checked against the matching review image
fci_night_0,fci,night,0,A41,available,available,verified,manually_verified_by_user,manually checked against the matching review image
fci_night_0,fci,night,0,A42,available,available,verified,manually_verified_by_user,manually checked against the matching review image
fci_night_0,fci,night,0,A43,available,available,verified,manually_verified_by_user,manually checked against the matching review image
fci_night_0,fci,night,0,A44,available,available,verified,manually_verified_by_user,manually checked against the matching review image
fci_night_0,fci,night,0,A45,available,available,verified,manually_verified_by_user,manually checked against the matching review image
fci_night_0,fci,night,0,A46,available,available,verified,manually_verified_by_user,manually checked against the matching review image
fci_night_0,fci,night,0,A47,available,available,verified,manually_verified_by_user,manually checked against the matching review image
fci_night_0,fci,night,0,A48,available,available,verified,manually_verified_by_user,manually checked against the matching review image
fci_night_0,fci,night,0,A49,available,available,verified,manually_verified_by_user,manually checked against the matching review image
fci_night_0,fci,night,0,A50,available,available,verified,manually_verified_by_user,manually checked against the matching review image
fci_night_0,fci,night,0,A51,available,available,verified,manually_verified_by_user,manually checked against the matching review image
fci_night_0,fci,night,0,A52,occupied,occupied,verified,manually_verified_by_user,manually checked against the matching review image
fci_night_0,fci,night,0,A53,available,available,verified,manually_verified_by_user,manually checked against the matching review image
fci_night_0,fci,night,0,A54,occupied,occupied,verified,manually_verified_by_user,manually checked against the matching review image
fci_night_0,fci,night,0,A55,available,available,verified,manually_verified_by_user,manually checked against the matching review image
fci_night_0,fci,night,0,A56,occupied,occupied,verified,manually_verified_by_user,manually checked against the matching review image
fci_night_0,fci,night,0,A57,available,available,verified,manually_verified_by_user,manually checked against the matching review image
fci_night_0,fci,night,0,A58,available,available,verified,manually_verified_by_user,manually checked against the matching review image
fci_night_0,fci,night,0,A59,available,available,verified,manually_verified_by_user,manually checked against the matching review image
fci_night_0,fci,night,0,A60,available,available,verified,manually_verified_by_user,manually checked against the matching review image
fci_night_0,fci,night,0,A61,available,available,verified,manually_verified_by_user,manually checked against the matching review image
fci_night_0,fci,night,0,A62,available,available,verified,manually_verified_by_user,manually checked against the matching review image
fci_night_0,fci,night,0,A63,available,available,verified,manually_verified_by_user,manually checked against the matching review image
fci_night_0,fci,night,0,A64,available,available,verified,manually_verified_by_user,manually checked against the matching review image
fci_night_0,fci,night,0,A65,available,available,verified,manually_verified_by_user,manually checked against the matching review image
fci_night_0,fci,night,0,A66,available,available,verified,manually_verified_by_user,manually checked against the matching review image
fci_night_0,fci,night,0,A67,available,available,verified,manually_verified_by_user,manually checked against the matching review image
fci_night_0,fci,night,0,A68,available,available,verified,manually_verified_by_user,manually checked against the matching review image
fci_night_0,fci,night,0,A69,available,available,verified,manually_verified_by_user,manually checked against the matching review image
fci_night_0,fci,night,0,A70,occupied,occupied,verified,manually_verified_by_user,manually checked against the matching review image
fci_night_0,fci,night,0,A71,available,available,verified,manually_verified_by_user,manually checked against the matching review image
fci_night_0,fci,night,0,A72,available,available,verified,manually_verified_by_user,manually checked against the matching review image
fci_night_0,fci,night,0,A73,available,available,verified,manually_verified_by_user,manually checked against the matching review image
fci_night_0,fci,night,0,A74,available,available,verified,manually_verified_by_user,manually checked against the matching review image
fci_night_0,fci,night,0,A75,available,available,verified,manually_verified_by_user,manually checked against the matching review image
fci_night_0,fci,night,0,A76,available,available,verified,manually_verified_by_user,manually checked against the matching review image
fci_night_0,fci,night,0,A77,occupied,occupied,verified,manually_verified_by_user,manually checked against the matching review image
fci_night_1620,fci,night,1620,A1,available,available,verified,manually_verified_by_user,manually checked against the matching review image
fci_night_1620,fci,night,1620,A2,available,available,verified,manually_verified_by_user,manually checked against the matching review image
fci_night_1620,fci,night,1620,A3,available,available,verified,manually_verified_by_user,manually checked against the matching review image
fci_night_1620,fci,night,1620,A4,available,available,verified,manually_verified_by_user,manually checked against the matching review image
fci_night_1620,fci,night,1620,A5,available,available,verified,manually_verified_by_user,manually checked against the matching review image
fci_night_1620,fci,night,1620,A6,available,available,verified,manually_verified_by_user,manually checked against the matching review image
fci_night_1620,fci,night,1620,A7,available,available,verified,manually_verified_by_user,manually checked against the matching review image
fci_night_1620,fci,night,1620,A8,available,available,verified,manually_verified_by_user,manually checked against the matching review image
fci_night_1620,fci,night,1620,A9,available,available,verified,manually_verified_by_user,manually checked against the matching review image
fci_night_1620,fci,night,1620,A10,available,available,verified,manually_verified_by_user,manually checked against the matching review image
fci_night_1620,fci,night,1620,A11,available,available,verified,manually_verified_by_user,manually checked against the matching review image
fci_night_1620,fci,night,1620,A12,available,available,verified,manually_verified_by_user,manually checked against the matching review image
fci_night_1620,fci,night,1620,A13,available,available,verified,manually_verified_by_user,manually checked against the matching review image
fci_night_1620,fci,night,1620,A14,available,available,verified,manually_verified_by_user,manually checked against the matching review image
fci_night_1620,fci,night,1620,A15,available,available,verified,manually_verified_by_user,manually checked against the matching review image
fci_night_1620,fci,night,1620,A16,available,available,verified,manually_verified_by_user,manually checked against the matching review image
fci_night_1620,fci,night,1620,A17,available,available,verified,manually_verified_by_user,manually checked against the matching review image
fci_night_1620,fci,night,1620,A18,available,available,verified,manually_verified_by_user,manually checked against the matching review image
fci_night_1620,fci,night,1620,A19,available,available,verified,manually_verified_by_user,manually checked against the matching review image
fci_night_1620,fci,night,1620,A20,available,available,verified,manually_verified_by_user,manually checked against the matching review image
fci_night_1620,fci,night,1620,A21,available,available,verified,manually_verified_by_user,manually checked against the matching review image
fci_night_1620,fci,night,1620,A22,available,available,verified,manually_verified_by_user,manually checked against the matching review image
fci_night_1620,fci,night,1620,A23,available,available,verified,manually_verified_by_user,manually checked against the matching review image
fci_night_1620,fci,night,1620,A24,available,available,verified,manually_verified_by_user,manually checked against the matching review image
fci_night_1620,fci,night,1620,A25,available,available,verified,manually_verified_by_user,manually checked against the matching review image
fci_night_1620,fci,night,1620,A26,available,available,verified,manually_verified_by_user,manually checked against the matching review image
fci_night_1620,fci,night,1620,A27,occupied,occupied,verified,manually_verified_by_user,manually checked against the matching review image
fci_night_1620,fci,night,1620,A28,available,available,verified,manually_verified_by_user,manually checked against the matching review image
fci_night_1620,fci,night,1620,A29,occupied,occupied,verified,manually_verified_by_user,manually checked against the matching review image
fci_night_1620,fci,night,1620,A30,available,available,verified,manually_verified_by_user,manually checked against the matching review image
fci_night_1620,fci,night,1620,A31,available,available,verified,manually_verified_by_user,manually checked against the matching review image
fci_night_1620,fci,night,1620,A32,available,available,verified,manually_verified_by_user,manually checked against the matching review image
fci_night_1620,fci,night,1620,A33,available,available,verified,manually_verified_by_user,manually checked against the matching review image
fci_night_1620,fci,night,1620,A34,available,available,verified,manually_verified_by_user,manually checked against the matching review image
fci_night_1620,fci,night,1620,A35,available,available,verified,manually_verified_by_user,manually checked against the matching review image
fci_night_1620,fci,night,1620,A36,available,available,verified,manually_verified_by_user,manually checked against the matching review image
fci_night_1620,fci,night,1620,A37,available,available,verified,manually_verified_by_user,manually checked against the matching review image
fci_night_1620,fci,night,1620,A38,available,available,verified,manually_verified_by_user,manually checked against the matching review image
fci_night_1620,fci,night,1620,A39,available,available,verified,manually_verified_by_user,manually checked against the matching review image
fci_night_1620,fci,night,1620,A40,available,available,verified,manually_verified_by_user,manually checked against the matching review image
fci_night_1620,fci,night,1620,A41,available,available,verified,manually_verified_by_user,manually checked against the matching review image
fci_night_1620,fci,night,1620,A42,available,available,verified,manually_verified_by_user,manually checked against the matching review image
fci_night_1620,fci,night,1620,A43,available,available,verified,manually_verified_by_user,manually checked against the matching review image
fci_night_1620,fci,night,1620,A44,available,available,verified,manually_verified_by_user,manually checked against the matching review image
fci_night_1620,fci,night,1620,A45,available,available,verified,manually_verified_by_user,manually checked against the matching review image
fci_night_1620,fci,night,1620,A46,available,available,verified,manually_verified_by_user,manually checked against the matching review image
fci_night_1620,fci,night,1620,A47,available,available,verified,manually_verified_by_user,manually checked against the matching review image
fci_night_1620,fci,night,1620,A48,available,available,verified,manually_verified_by_user,manually checked against the matching review image
fci_night_1620,fci,night,1620,A49,available,available,verified,manually_verified_by_user,manually checked against the matching review image
fci_night_1620,fci,night,1620,A50,available,available,verified,manually_verified_by_user,manually checked against the matching review image
fci_night_1620,fci,night,1620,A51,available,available,verified,manually_verified_by_user,manually checked against the matching review image
fci_night_1620,fci,night,1620,A52,occupied,occupied,verified,manually_verified_by_user,manually checked against the matching review image
fci_night_1620,fci,night,1620,A53,available,available,verified,manually_verified_by_user,manually checked against the matching review image
fci_night_1620,fci,night,1620,A54,occupied,occupied,verified,manually_verified_by_user,manually checked against the matching review image
fci_night_1620,fci,night,1620,A55,available,available,verified,manually_verified_by_user,manually checked against the matching review image
fci_night_1620,fci,night,1620,A56,occupied,occupied,verified,manually_verified_by_user,manually checked against the matching review image
fci_night_1620,fci,night,1620,A57,available,available,verified,manually_verified_by_user,manually checked against the matching review image
fci_night_1620,fci,night,1620,A58,available,available,verified,manually_verified_by_user,manually checked against the matching review image
fci_night_1620,fci,night,1620,A59,available,available,verified,manually_verified_by_user,manually checked against the matching review image
fci_night_1620,fci,night,1620,A60,available,available,verified,manually_verified_by_user,manually checked against the matching review image
fci_night_1620,fci,night,1620,A61,available,available,verified,manually_verified_by_user,manually checked against the matching review image
fci_night_1620,fci,night,1620,A62,available,available,verified,manually_verified_by_user,manually checked against the matching review image
fci_night_1620,fci,night,1620,A63,available,available,verified,manually_verified_by_user,manually checked against the matching review image
fci_night_1620,fci,night,1620,A64,available,available,verified,manually_verified_by_user,manually checked against the matching review image
fci_night_1620,fci,night,1620,A65,available,available,verified,manually_verified_by_user,manually checked against the matching review image
fci_night_1620,fci,night,1620,A66,available,available,verified,manually_verified_by_user,manually checked against the matching review image
fci_night_1620,fci,night,1620,A67,available,available,verified,manually_verified_by_user,manually checked against the matching review image
fci_night_1620,fci,night,1620,A68,available,available,verified,manually_verified_by_user,manually checked against the matching review image
fci_night_1620,fci,night,1620,A69,available,available,verified,manually_verified_by_user,manually checked against the matching review image
fci_night_1620,fci,night,1620,A70,occupied,occupied,verified,manually_verified_by_user,manually checked against the matching review image
fci_night_1620,fci,night,1620,A71,available,available,verified,manually_verified_by_user,manually checked against the matching review image
fci_night_1620,fci,night,1620,A72,available,available,verified,manually_verified_by_user,manually checked against the matching review image
fci_night_1620,fci,night,1620,A73,available,available,verified,manually_verified_by_user,manually checked against the matching review image
fci_night_1620,fci,night,1620,A74,available,available,verified,manually_verified_by_user,manually checked against the matching review image
fci_night_1620,fci,night,1620,A75,available,available,verified,manually_verified_by_user,manually checked against the matching review image
fci_night_1620,fci,night,1620,A76,available,available,verified,manually_verified_by_user,manually checked against the matching review image
fci_night_1620,fci,night,1620,A77,occupied,occupied,verified,manually_verified_by_user,manually checked against the matching review image
fci_night_3240,fci,night,3240,A1,available,available,verified,manually_verified_by_user,manually checked against the matching review image
fci_night_3240,fci,night,3240,A2,available,available,verified,manually_verified_by_user,manually checked against the matching review image
fci_night_3240,fci,night,3240,A3,available,available,verified,manually_verified_by_user,manually checked against the matching review image
fci_night_3240,fci,night,3240,A4,available,available,verified,manually_verified_by_user,manually checked against the matching review image
fci_night_3240,fci,night,3240,A5,available,available,verified,manually_verified_by_user,manually checked against the matching review image
fci_night_3240,fci,night,3240,A6,available,available,verified,manually_verified_by_user,manually checked against the matching review image
fci_night_3240,fci,night,3240,A7,available,available,verified,manually_verified_by_user,manually checked against the matching review image
fci_night_3240,fci,night,3240,A8,available,available,verified,manually_verified_by_user,manually checked against the matching review image
fci_night_3240,fci,night,3240,A9,available,available,verified,manually_verified_by_user,manually checked against the matching review image
fci_night_3240,fci,night,3240,A10,available,available,verified,manually_verified_by_user,manually checked against the matching review image
fci_night_3240,fci,night,3240,A11,available,available,verified,manually_verified_by_user,manually checked against the matching review image
fci_night_3240,fci,night,3240,A12,available,available,verified,manually_verified_by_user,manually checked against the matching review image
fci_night_3240,fci,night,3240,A13,available,available,verified,manually_verified_by_user,manually checked against the matching review image
fci_night_3240,fci,night,3240,A14,available,available,verified,manually_verified_by_user,manually checked against the matching review image
fci_night_3240,fci,night,3240,A15,available,available,verified,manually_verified_by_user,manually checked against the matching review image
fci_night_3240,fci,night,3240,A16,available,available,verified,manually_verified_by_user,manually checked against the matching review image
fci_night_3240,fci,night,3240,A17,available,available,verified,manually_verified_by_user,manually checked against the matching review image
fci_night_3240,fci,night,3240,A18,available,available,verified,manually_verified_by_user,manually checked against the matching review image
fci_night_3240,fci,night,3240,A19,available,available,verified,manually_verified_by_user,manually checked against the matching review image
fci_night_3240,fci,night,3240,A20,available,available,verified,manually_verified_by_user,manually checked against the matching review image
fci_night_3240,fci,night,3240,A21,available,available,verified,manually_verified_by_user,manually checked against the matching review image
fci_night_3240,fci,night,3240,A22,available,available,verified,manually_verified_by_user,manually checked against the matching review image
fci_night_3240,fci,night,3240,A23,available,available,verified,manually_verified_by_user,manually checked against the matching review image
fci_night_3240,fci,night,3240,A24,available,available,verified,manually_verified_by_user,manually checked against the matching review image
fci_night_3240,fci,night,3240,A25,available,available,verified,manually_verified_by_user,manually checked against the matching review image
fci_night_3240,fci,night,3240,A26,available,available,verified,manually_verified_by_user,manually checked against the matching review image
fci_night_3240,fci,night,3240,A27,occupied,occupied,verified,manually_verified_by_user,manually checked against the matching review image
fci_night_3240,fci,night,3240,A28,available,available,verified,manually_verified_by_user,manually checked against the matching review image
fci_night_3240,fci,night,3240,A29,occupied,occupied,verified,manually_verified_by_user,manually checked against the matching review image
fci_night_3240,fci,night,3240,A30,available,available,verified,manually_verified_by_user,manually checked against the matching review image
fci_night_3240,fci,night,3240,A31,available,available,verified,manually_verified_by_user,manually checked against the matching review image
fci_night_3240,fci,night,3240,A32,available,available,verified,manually_verified_by_user,manually checked against the matching review image
fci_night_3240,fci,night,3240,A33,available,available,verified,manually_verified_by_user,manually checked against the matching review image
fci_night_3240,fci,night,3240,A34,available,available,verified,manually_verified_by_user,manually checked against the matching review image
fci_night_3240,fci,night,3240,A35,available,available,verified,manually_verified_by_user,manually checked against the matching review image
fci_night_3240,fci,night,3240,A36,available,available,verified,manually_verified_by_user,manually checked against the matching review image
fci_night_3240,fci,night,3240,A37,available,available,verified,manually_verified_by_user,manually checked against the matching review image
fci_night_3240,fci,night,3240,A38,available,available,verified,manually_verified_by_user,manually checked against the matching review image
fci_night_3240,fci,night,3240,A39,available,available,verified,manually_verified_by_user,manually checked against the matching review image
fci_night_3240,fci,night,3240,A40,available,available,verified,manually_verified_by_user,manually checked against the matching review image
fci_night_3240,fci,night,3240,A41,available,available,verified,manually_verified_by_user,manually checked against the matching review image
fci_night_3240,fci,night,3240,A42,available,available,verified,manually_verified_by_user,manually checked against the matching review image
fci_night_3240,fci,night,3240,A43,available,available,verified,manually_verified_by_user,manually checked against the matching review image
fci_night_3240,fci,night,3240,A44,available,available,verified,manually_verified_by_user,manually checked against the matching review image
fci_night_3240,fci,night,3240,A45,available,available,verified,manually_verified_by_user,manually checked against the matching review image
fci_night_3240,fci,night,3240,A46,available,available,verified,manually_verified_by_user,manually checked against the matching review image
fci_night_3240,fci,night,3240,A47,available,available,verified,manually_verified_by_user,manually checked against the matching review image
fci_night_3240,fci,night,3240,A48,available,available,verified,manually_verified_by_user,manually checked against the matching review image
fci_night_3240,fci,night,3240,A49,available,available,verified,manually_verified_by_user,manually checked against the matching review image
fci_night_3240,fci,night,3240,A50,available,available,verified,manually_verified_by_user,manually checked against the matching review image
fci_night_3240,fci,night,3240,A51,available,available,verified,manually_verified_by_user,manually checked against the matching review image
fci_night_3240,fci,night,3240,A52,occupied,occupied,verified,manually_verified_by_user,manually checked against the matching review image
fci_night_3240,fci,night,3240,A53,available,available,verified,manually_verified_by_user,manually checked against the matching review image
fci_night_3240,fci,night,3240,A54,occupied,occupied,verified,manually_verified_by_user,manually checked against the matching review image
fci_night_3240,fci,night,3240,A55,available,available,verified,manually_verified_by_user,manually checked against the matching review image
fci_night_3240,fci,night,3240,A56,occupied,occupied,verified,manually_verified_by_user,manually checked against the matching review image
fci_night_3240,fci,night,3240,A57,available,available,verified,manually_verified_by_user,manually checked against the matching review image
fci_night_3240,fci,night,3240,A58,available,available,verified,manually_verified_by_user,manually checked against the matching review image
fci_night_3240,fci,night,3240,A59,available,available,verified,manually_verified_by_user,manually checked against the matching review image
fci_night_3240,fci,night,3240,A60,available,available,verified,manually_verified_by_user,manually checked against the matching review image
fci_night_3240,fci,night,3240,A61,available,available,verified,manually_verified_by_user,manually checked against the matching review image
fci_night_3240,fci,night,3240,A62,available,available,verified,manually_verified_by_user,manually checked against the matching review image
fci_night_3240,fci,night,3240,A63,available,available,verified,manually_verified_by_user,manually checked against the matching review image
fci_night_3240,fci,night,3240,A64,available,available,verified,manually_verified_by_user,manually checked against the matching review image
fci_night_3240,fci,night,3240,A65,available,available,verified,manually_verified_by_user,manually checked against the matching review image
fci_night_3240,fci,night,3240,A66,available,available,verified,manually_verified_by_user,manually checked against the matching review image
fci_night_3240,fci,night,3240,A67,available,available,verified,manually_verified_by_user,manually checked against the matching review image
fci_night_3240,fci,night,3240,A68,available,available,verified,manually_verified_by_user,manually checked against the matching review image
fci_night_3240,fci,night,3240,A69,available,available,verified,manually_verified_by_user,manually checked against the matching review image
fci_night_3240,fci,night,3240,A70,occupied,occupied,verified,manually_verified_by_user,manually checked against the matching review image
fci_night_3240,fci,night,3240,A71,available,available,verified,manually_verified_by_user,manually checked against the matching review image
fci_night_3240,fci,night,3240,A72,available,available,verified,manually_verified_by_user,manually checked against the matching review image
fci_night_3240,fci,night,3240,A73,available,available,verified,manually_verified_by_user,manually checked against the matching review image
fci_night_3240,fci,night,3240,A74,available,available,verified,manually_verified_by_user,manually checked against the matching review image
fci_night_3240,fci,night,3240,A75,available,available,verified,manually_verified_by_user,manually checked against the matching review image
fci_night_3240,fci,night,3240,A76,available,available,verified,manually_verified_by_user,manually checked against the matching review image
fci_night_3240,fci,night,3240,A77,occupied,occupied,verified,manually_verified_by_user,manually checked against the matching review image
fci_night_4860,fci,night,4860,A1,available,available,verified,manually_verified_by_user,manually checked against the matching review image
fci_night_4860,fci,night,4860,A2,available,available,verified,manually_verified_by_user,manually checked against the matching review image
fci_night_4860,fci,night,4860,A3,available,available,verified,manually_verified_by_user,manually checked against the matching review image
fci_night_4860,fci,night,4860,A4,available,available,verified,manually_verified_by_user,manually checked against the matching review image
fci_night_4860,fci,night,4860,A5,available,available,verified,manually_verified_by_user,manually checked against the matching review image
fci_night_4860,fci,night,4860,A6,available,available,verified,manually_verified_by_user,manually checked against the matching review image
fci_night_4860,fci,night,4860,A7,available,available,verified,manually_verified_by_user,manually checked against the matching review image
fci_night_4860,fci,night,4860,A8,available,available,verified,manually_verified_by_user,manually checked against the matching review image
fci_night_4860,fci,night,4860,A9,available,available,verified,manually_verified_by_user,manually checked against the matching review image
fci_night_4860,fci,night,4860,A10,available,available,verified,manually_verified_by_user,manually checked against the matching review image
fci_night_4860,fci,night,4860,A11,available,available,verified,manually_verified_by_user,manually checked against the matching review image
fci_night_4860,fci,night,4860,A12,available,available,verified,manually_verified_by_user,manually checked against the matching review image
fci_night_4860,fci,night,4860,A13,available,available,verified,manually_verified_by_user,manually checked against the matching review image
fci_night_4860,fci,night,4860,A14,available,available,verified,manually_verified_by_user,manually checked against the matching review image
fci_night_4860,fci,night,4860,A15,available,available,verified,manually_verified_by_user,manually checked against the matching review image
fci_night_4860,fci,night,4860,A16,available,available,verified,manually_verified_by_user,manually checked against the matching review image
fci_night_4860,fci,night,4860,A17,available,available,verified,manually_verified_by_user,manually checked against the matching review image
fci_night_4860,fci,night,4860,A18,available,available,verified,manually_verified_by_user,manually checked against the matching review image
fci_night_4860,fci,night,4860,A19,available,available,verified,manually_verified_by_user,manually checked against the matching review image
fci_night_4860,fci,night,4860,A20,available,available,verified,manually_verified_by_user,manually checked against the matching review image
fci_night_4860,fci,night,4860,A21,available,available,verified,manually_verified_by_user,manually checked against the matching review image
fci_night_4860,fci,night,4860,A22,available,available,verified,manually_verified_by_user,manually checked against the matching review image
fci_night_4860,fci,night,4860,A23,available,available,verified,manually_verified_by_user,manually checked against the matching review image
fci_night_4860,fci,night,4860,A24,available,available,verified,manually_verified_by_user,manually checked against the matching review image
fci_night_4860,fci,night,4860,A25,available,available,verified,manually_verified_by_user,manually checked against the matching review image
fci_night_4860,fci,night,4860,A26,available,available,verified,manually_verified_by_user,manually checked against the matching review image
fci_night_4860,fci,night,4860,A27,occupied,occupied,verified,manually_verified_by_user,manually checked against the matching review image
fci_night_4860,fci,night,4860,A28,available,available,verified,manually_verified_by_user,manually checked against the matching review image
fci_night_4860,fci,night,4860,A29,occupied,occupied,verified,manually_verified_by_user,manually checked against the matching review image
fci_night_4860,fci,night,4860,A30,available,available,verified,manually_verified_by_user,manually checked against the matching review image
fci_night_4860,fci,night,4860,A31,available,available,verified,manually_verified_by_user,manually checked against the matching review image
fci_night_4860,fci,night,4860,A32,available,available,verified,manually_verified_by_user,manually checked against the matching review image
fci_night_4860,fci,night,4860,A33,available,available,verified,manually_verified_by_user,manually checked against the matching review image
fci_night_4860,fci,night,4860,A34,available,available,verified,manually_verified_by_user,manually checked against the matching review image
fci_night_4860,fci,night,4860,A35,available,available,verified,manually_verified_by_user,manually checked against the matching review image
fci_night_4860,fci,night,4860,A36,available,available,verified,manually_verified_by_user,manually checked against the matching review image
fci_night_4860,fci,night,4860,A37,available,available,verified,manually_verified_by_user,manually checked against the matching review image
fci_night_4860,fci,night,4860,A38,available,available,verified,manually_verified_by_user,manually checked against the matching review image
fci_night_4860,fci,night,4860,A39,available,available,verified,manually_verified_by_user,manually checked against the matching review image
fci_night_4860,fci,night,4860,A40,available,available,verified,manually_verified_by_user,manually checked against the matching review image
fci_night_4860,fci,night,4860,A41,available,available,verified,manually_verified_by_user,manually checked against the matching review image
fci_night_4860,fci,night,4860,A42,available,available,verified,manually_verified_by_user,manually checked against the matching review image
fci_night_4860,fci,night,4860,A43,available,available,verified,manually_verified_by_user,manually checked against the matching review image
fci_night_4860,fci,night,4860,A44,available,available,verified,manually_verified_by_user,manually checked against the matching review image
fci_night_4860,fci,night,4860,A45,available,available,verified,manually_verified_by_user,manually checked against the matching review image
fci_night_4860,fci,night,4860,A46,available,available,verified,manually_verified_by_user,manually checked against the matching review image
fci_night_4860,fci,night,4860,A47,available,available,verified,manually_verified_by_user,manually checked against the matching review image
fci_night_4860,fci,night,4860,A48,available,available,verified,manually_verified_by_user,manually checked against the matching review image
fci_night_4860,fci,night,4860,A49,available,available,verified,manually_verified_by_user,manually checked against the matching review image
fci_night_4860,fci,night,4860,A50,available,available,verified,manually_verified_by_user,manually checked against the matching review image
fci_night_4860,fci,night,4860,A51,available,available,verified,manually_verified_by_user,manually checked against the matching review image
fci_night_4860,fci,night,4860,A52,occupied,occupied,verified,manually_verified_by_user,manually checked against the matching review image
fci_night_4860,fci,night,4860,A53,available,available,verified,manually_verified_by_user,manually checked against the matching review image
fci_night_4860,fci,night,4860,A54,occupied,occupied,verified,manually_verified_by_user,manually checked against the matching review image
fci_night_4860,fci,night,4860,A55,available,available,verified,manually_verified_by_user,manually checked against the matching review image
fci_night_4860,fci,night,4860,A56,occupied,occupied,verified,manually_verified_by_user,manually checked against the matching review image
fci_night_4860,fci,night,4860,A57,available,available,verified,manually_verified_by_user,manually checked against the matching review image
fci_night_4860,fci,night,4860,A58,available,available,verified,manually_verified_by_user,manually checked against the matching review image
fci_night_4860,fci,night,4860,A59,available,available,verified,manually_verified_by_user,manually checked against the matching review image
fci_night_4860,fci,night,4860,A60,available,available,verified,manually_verified_by_user,manually checked against the matching review image
fci_night_4860,fci,night,4860,A61,available,available,verified,manually_verified_by_user,manually checked against the matching review image
fci_night_4860,fci,night,4860,A62,available,available,verified,manually_verified_by_user,manually checked against the matching review image
fci_night_4860,fci,night,4860,A63,available,available,verified,manually_verified_by_user,manually checked against the matching review image
fci_night_4860,fci,night,4860,A64,available,available,verified,manually_verified_by_user,manually checked against the matching review image
fci_night_4860,fci,night,4860,A65,available,available,verified,manually_verified_by_user,manually checked against the matching review image
fci_night_4860,fci,night,4860,A66,available,available,verified,manually_verified_by_user,manually checked against the matching review image
fci_night_4860,fci,night,4860,A67,available,available,verified,manually_verified_by_user,manually checked against the matching review image
fci_night_4860,fci,night,4860,A68,available,available,verified,manually_verified_by_user,manually checked against the matching review image
fci_night_4860,fci,night,4860,A69,available,available,verified,manually_verified_by_user,manually checked against the matching review image
fci_night_4860,fci,night,4860,A70,occupied,occupied,verified,manually_verified_by_user,manually checked against the matching review image
fci_night_4860,fci,night,4860,A71,available,available,verified,manually_verified_by_user,manually checked against the matching review image
fci_night_4860,fci,night,4860,A72,available,available,verified,manually_verified_by_user,manually checked against the matching review image
fci_night_4860,fci,night,4860,A73,available,available,verified,manually_verified_by_user,manually checked against the matching review image
fci_night_4860,fci,night,4860,A74,available,available,verified,manually_verified_by_user,manually checked against the matching review image
fci_night_4860,fci,night,4860,A75,available,available,verified,manually_verified_by_user,manually checked against the matching review image
fci_night_4860,fci,night,4860,A76,available,available,verified,manually_verified_by_user,manually checked against the matching review image
fci_night_4860,fci,night,4860,A77,occupied,occupied,verified,manually_verified_by_user,manually checked against the matching review image
fci_night_6481,fci,night,6481,A1,available,available,verified,manually_verified_by_user,manually checked against the matching review image
fci_night_6481,fci,night,6481,A2,available,available,verified,manually_verified_by_user,manually checked against the matching review image
fci_night_6481,fci,night,6481,A3,available,available,verified,manually_verified_by_user,manually checked against the matching review image
fci_night_6481,fci,night,6481,A4,available,available,verified,manually_verified_by_user,manually checked against the matching review image
fci_night_6481,fci,night,6481,A5,available,available,verified,manually_verified_by_user,manually checked against the matching review image
fci_night_6481,fci,night,6481,A6,available,available,verified,manually_verified_by_user,manually checked against the matching review image
fci_night_6481,fci,night,6481,A7,available,available,verified,manually_verified_by_user,manually checked against the matching review image
fci_night_6481,fci,night,6481,A8,available,available,verified,manually_verified_by_user,manually checked against the matching review image
fci_night_6481,fci,night,6481,A9,available,available,verified,manually_verified_by_user,manually checked against the matching review image
fci_night_6481,fci,night,6481,A10,available,available,verified,manually_verified_by_user,manually checked against the matching review image
fci_night_6481,fci,night,6481,A11,available,available,verified,manually_verified_by_user,manually checked against the matching review image
fci_night_6481,fci,night,6481,A12,available,available,verified,manually_verified_by_user,manually checked against the matching review image
fci_night_6481,fci,night,6481,A13,available,available,verified,manually_verified_by_user,manually checked against the matching review image
fci_night_6481,fci,night,6481,A14,available,available,verified,manually_verified_by_user,manually checked against the matching review image
fci_night_6481,fci,night,6481,A15,available,available,verified,manually_verified_by_user,manually checked against the matching review image
fci_night_6481,fci,night,6481,A16,available,available,verified,manually_verified_by_user,manually checked against the matching review image
fci_night_6481,fci,night,6481,A17,available,available,verified,manually_verified_by_user,manually checked against the matching review image
fci_night_6481,fci,night,6481,A18,available,available,verified,manually_verified_by_user,manually checked against the matching review image
fci_night_6481,fci,night,6481,A19,available,available,verified,manually_verified_by_user,manually checked against the matching review image
fci_night_6481,fci,night,6481,A20,available,available,verified,manually_verified_by_user,manually checked against the matching review image
fci_night_6481,fci,night,6481,A21,available,available,verified,manually_verified_by_user,manually checked against the matching review image
fci_night_6481,fci,night,6481,A22,available,available,verified,manually_verified_by_user,manually checked against the matching review image
fci_night_6481,fci,night,6481,A23,available,available,verified,manually_verified_by_user,manually checked against the matching review image
fci_night_6481,fci,night,6481,A24,available,available,verified,manually_verified_by_user,manually checked against the matching review image
fci_night_6481,fci,night,6481,A25,available,available,verified,manually_verified_by_user,manually checked against the matching review image
fci_night_6481,fci,night,6481,A26,available,available,verified,manually_verified_by_user,manually checked against the matching review image
fci_night_6481,fci,night,6481,A27,occupied,occupied,verified,manually_verified_by_user,manually checked against the matching review image
fci_night_6481,fci,night,6481,A28,available,available,verified,manually_verified_by_user,manually checked against the matching review image
fci_night_6481,fci,night,6481,A29,occupied,occupied,verified,manually_verified_by_user,manually checked against the matching review image
fci_night_6481,fci,night,6481,A30,available,available,verified,manually_verified_by_user,manually checked against the matching review image
fci_night_6481,fci,night,6481,A31,available,available,verified,manually_verified_by_user,manually checked against the matching review image
fci_night_6481,fci,night,6481,A32,available,available,verified,manually_verified_by_user,manually checked against the matching review image
fci_night_6481,fci,night,6481,A33,available,available,verified,manually_verified_by_user,manually checked against the matching review image
fci_night_6481,fci,night,6481,A34,available,available,verified,manually_verified_by_user,manually checked against the matching review image
fci_night_6481,fci,night,6481,A35,available,available,verified,manually_verified_by_user,manually checked against the matching review image
fci_night_6481,fci,night,6481,A36,available,available,verified,manually_verified_by_user,manually checked against the matching review image
fci_night_6481,fci,night,6481,A37,available,available,verified,manually_verified_by_user,manually checked against the matching review image
fci_night_6481,fci,night,6481,A38,available,available,verified,manually_verified_by_user,manually checked against the matching review image
fci_night_6481,fci,night,6481,A39,available,available,verified,manually_verified_by_user,manually checked against the matching review image
fci_night_6481,fci,night,6481,A40,available,available,verified,manually_verified_by_user,manually checked against the matching review image
fci_night_6481,fci,night,6481,A41,available,available,verified,manually_verified_by_user,manually checked against the matching review image
fci_night_6481,fci,night,6481,A42,available,available,verified,manually_verified_by_user,manually checked against the matching review image
fci_night_6481,fci,night,6481,A43,available,available,verified,manually_verified_by_user,manually checked against the matching review image
fci_night_6481,fci,night,6481,A44,available,available,verified,manually_verified_by_user,manually checked against the matching review image
fci_night_6481,fci,night,6481,A45,available,available,verified,manually_verified_by_user,manually checked against the matching review image
fci_night_6481,fci,night,6481,A46,available,available,verified,manually_verified_by_user,manually checked against the matching review image
fci_night_6481,fci,night,6481,A47,available,available,verified,manually_verified_by_user,manually checked against the matching review image
fci_night_6481,fci,night,6481,A48,available,available,verified,manually_verified_by_user,manually checked against the matching review image
fci_night_6481,fci,night,6481,A49,available,available,verified,manually_verified_by_user,manually checked against the matching review image
fci_night_6481,fci,night,6481,A50,available,available,verified,manually_verified_by_user,manually checked against the matching review image
fci_night_6481,fci,night,6481,A51,available,available,verified,manually_verified_by_user,manually checked against the matching review image
fci_night_6481,fci,night,6481,A52,occupied,occupied,verified,manually_verified_by_user,manually checked against the matching review image
fci_night_6481,fci,night,6481,A53,available,available,verified,manually_verified_by_user,manually checked against the matching review image
fci_night_6481,fci,night,6481,A54,occupied,occupied,verified,manually_verified_by_user,manually checked against the matching review image
fci_night_6481,fci,night,6481,A55,available,available,verified,manually_verified_by_user,manually checked against the matching review image
fci_night_6481,fci,night,6481,A56,occupied,occupied,verified,manually_verified_by_user,manually checked against the matching review image
fci_night_6481,fci,night,6481,A57,available,available,verified,manually_verified_by_user,manually checked against the matching review image
fci_night_6481,fci,night,6481,A58,available,available,verified,manually_verified_by_user,manually checked against the matching review image
fci_night_6481,fci,night,6481,A59,available,available,verified,manually_verified_by_user,manually checked against the matching review image
fci_night_6481,fci,night,6481,A60,available,available,verified,manually_verified_by_user,manually checked against the matching review image
fci_night_6481,fci,night,6481,A61,available,available,verified,manually_verified_by_user,manually checked against the matching review image
fci_night_6481,fci,night,6481,A62,available,available,verified,manually_verified_by_user,manually checked against the matching review image
fci_night_6481,fci,night,6481,A63,available,available,verified,manually_verified_by_user,manually checked against the matching review image
fci_night_6481,fci,night,6481,A64,available,available,verified,manually_verified_by_user,manually checked against the matching review image
fci_night_6481,fci,night,6481,A65,available,available,verified,manually_verified_by_user,manually checked against the matching review image
fci_night_6481,fci,night,6481,A66,available,available,verified,manually_verified_by_user,manually checked against the matching review image
fci_night_6481,fci,night,6481,A67,available,available,verified,manually_verified_by_user,manually checked against the matching review image
fci_night_6481,fci,night,6481,A68,available,available,verified,manually_verified_by_user,manually checked against the matching review image
fci_night_6481,fci,night,6481,A69,available,available,verified,manually_verified_by_user,manually checked against the matching review image
fci_night_6481,fci,night,6481,A70,occupied,occupied,verified,manually_verified_by_user,manually checked against the matching review image
fci_night_6481,fci,night,6481,A71,available,available,verified,manually_verified_by_user,manually checked against the matching review image
fci_night_6481,fci,night,6481,A72,available,available,verified,manually_verified_by_user,manually checked against the matching review image
fci_night_6481,fci,night,6481,A73,available,available,verified,manually_verified_by_user,manually checked against the matching review image
fci_night_6481,fci,night,6481,A74,available,available,verified,manually_verified_by_user,manually checked against the matching review image
fci_night_6481,fci,night,6481,A75,available,available,verified,manually_verified_by_user,manually checked against the matching review image
fci_night_6481,fci,night,6481,A76,available,available,verified,manually_verified_by_user,manually checked against the matching review image
fci_night_6481,fci,night,6481,A77,occupied,occupied,verified,manually_verified_by_user,manually checked against the matching review image
fci_night_8101,fci,night,8101,A1,available,available,verified,manually_verified_by_user,manually checked against the matching review image
fci_night_8101,fci,night,8101,A2,available,available,verified,manually_verified_by_user,manually checked against the matching review image
fci_night_8101,fci,night,8101,A3,available,available,verified,manually_verified_by_user,manually checked against the matching review image
fci_night_8101,fci,night,8101,A4,available,available,verified,manually_verified_by_user,manually checked against the matching review image
fci_night_8101,fci,night,8101,A5,available,available,verified,manually_verified_by_user,manually checked against the matching review image
fci_night_8101,fci,night,8101,A6,available,available,verified,manually_verified_by_user,manually checked against the matching review image
fci_night_8101,fci,night,8101,A7,available,available,verified,manually_verified_by_user,manually checked against the matching review image
fci_night_8101,fci,night,8101,A8,available,available,verified,manually_verified_by_user,manually checked against the matching review image
fci_night_8101,fci,night,8101,A9,available,available,verified,manually_verified_by_user,manually checked against the matching review image
fci_night_8101,fci,night,8101,A10,available,available,verified,manually_verified_by_user,manually checked against the matching review image
fci_night_8101,fci,night,8101,A11,available,available,verified,manually_verified_by_user,manually checked against the matching review image
fci_night_8101,fci,night,8101,A12,available,available,verified,manually_verified_by_user,manually checked against the matching review image
fci_night_8101,fci,night,8101,A13,available,available,verified,manually_verified_by_user,manually checked against the matching review image
fci_night_8101,fci,night,8101,A14,available,available,verified,manually_verified_by_user,manually checked against the matching review image
fci_night_8101,fci,night,8101,A15,available,available,verified,manually_verified_by_user,manually checked against the matching review image
fci_night_8101,fci,night,8101,A16,available,available,verified,manually_verified_by_user,manually checked against the matching review image
fci_night_8101,fci,night,8101,A17,available,available,verified,manually_verified_by_user,manually checked against the matching review image
fci_night_8101,fci,night,8101,A18,available,available,verified,manually_verified_by_user,manually checked against the matching review image
fci_night_8101,fci,night,8101,A19,available,available,verified,manually_verified_by_user,manually checked against the matching review image
fci_night_8101,fci,night,8101,A20,available,available,verified,manually_verified_by_user,manually checked against the matching review image
fci_night_8101,fci,night,8101,A21,available,available,verified,manually_verified_by_user,manually checked against the matching review image
fci_night_8101,fci,night,8101,A22,available,available,verified,manually_verified_by_user,manually checked against the matching review image
fci_night_8101,fci,night,8101,A23,available,available,verified,manually_verified_by_user,manually checked against the matching review image
fci_night_8101,fci,night,8101,A24,available,available,verified,manually_verified_by_user,manually checked against the matching review image
fci_night_8101,fci,night,8101,A25,available,available,verified,manually_verified_by_user,manually checked against the matching review image
fci_night_8101,fci,night,8101,A26,available,available,verified,manually_verified_by_user,manually checked against the matching review image
fci_night_8101,fci,night,8101,A27,occupied,occupied,verified,manually_verified_by_user,manually checked against the matching review image
fci_night_8101,fci,night,8101,A28,available,available,verified,manually_verified_by_user,manually checked against the matching review image
fci_night_8101,fci,night,8101,A29,occupied,occupied,verified,manually_verified_by_user,manually checked against the matching review image
fci_night_8101,fci,night,8101,A30,available,available,verified,manually_verified_by_user,manually checked against the matching review image
fci_night_8101,fci,night,8101,A31,available,available,verified,manually_verified_by_user,manually checked against the matching review image
fci_night_8101,fci,night,8101,A32,available,available,verified,manually_verified_by_user,manually checked against the matching review image
fci_night_8101,fci,night,8101,A33,available,available,verified,manually_verified_by_user,manually checked against the matching review image
fci_night_8101,fci,night,8101,A34,available,available,verified,manually_verified_by_user,manually checked against the matching review image
fci_night_8101,fci,night,8101,A35,available,available,verified,manually_verified_by_user,manually checked against the matching review image
fci_night_8101,fci,night,8101,A36,available,available,verified,manually_verified_by_user,manually checked against the matching review image
fci_night_8101,fci,night,8101,A37,available,available,verified,manually_verified_by_user,manually checked against the matching review image
fci_night_8101,fci,night,8101,A38,available,available,verified,manually_verified_by_user,manually checked against the matching review image
fci_night_8101,fci,night,8101,A39,available,available,verified,manually_verified_by_user,manually checked against the matching review image
fci_night_8101,fci,night,8101,A40,available,available,verified,manually_verified_by_user,manually checked against the matching review image
fci_night_8101,fci,night,8101,A41,available,available,verified,manually_verified_by_user,manually checked against the matching review image
fci_night_8101,fci,night,8101,A42,available,available,verified,manually_verified_by_user,manually checked against the matching review image
fci_night_8101,fci,night,8101,A43,available,available,verified,manually_verified_by_user,manually checked against the matching review image
fci_night_8101,fci,night,8101,A44,available,available,verified,manually_verified_by_user,manually checked against the matching review image
fci_night_8101,fci,night,8101,A45,available,available,verified,manually_verified_by_user,manually checked against the matching review image
fci_night_8101,fci,night,8101,A46,available,available,verified,manually_verified_by_user,manually checked against the matching review image
fci_night_8101,fci,night,8101,A47,available,available,verified,manually_verified_by_user,manually checked against the matching review image
fci_night_8101,fci,night,8101,A48,available,available,verified,manually_verified_by_user,manually checked against the matching review image
fci_night_8101,fci,night,8101,A49,available,available,verified,manually_verified_by_user,manually checked against the matching review image
fci_night_8101,fci,night,8101,A50,available,available,verified,manually_verified_by_user,manually checked against the matching review image
fci_night_8101,fci,night,8101,A51,available,available,verified,manually_verified_by_user,manually checked against the matching review image
fci_night_8101,fci,night,8101,A52,occupied,occupied,verified,manually_verified_by_user,manually checked against the matching review image
fci_night_8101,fci,night,8101,A53,available,available,verified,manually_verified_by_user,manually checked against the matching review image
fci_night_8101,fci,night,8101,A54,occupied,occupied,verified,manually_verified_by_user,manually checked against the matching review image
fci_night_8101,fci,night,8101,A55,available,available,verified,manually_verified_by_user,manually checked against the matching review image
fci_night_8101,fci,night,8101,A56,occupied,occupied,verified,manually_verified_by_user,manually checked against the matching review image
fci_night_8101,fci,night,8101,A57,available,available,verified,manually_verified_by_user,manually checked against the matching review image
fci_night_8101,fci,night,8101,A58,available,available,verified,manually_verified_by_user,manually checked against the matching review image
fci_night_8101,fci,night,8101,A59,available,available,verified,manually_verified_by_user,manually checked against the matching review image
fci_night_8101,fci,night,8101,A60,available,available,verified,manually_verified_by_user,manually checked against the matching review image
fci_night_8101,fci,night,8101,A61,available,available,verified,manually_verified_by_user,manually checked against the matching review image
fci_night_8101,fci,night,8101,A62,available,available,verified,manually_verified_by_user,manually checked against the matching review image
fci_night_8101,fci,night,8101,A63,available,available,verified,manually_verified_by_user,manually checked against the matching review image
fci_night_8101,fci,night,8101,A64,available,available,verified,manually_verified_by_user,manually checked against the matching review image
fci_night_8101,fci,night,8101,A65,available,available,verified,manually_verified_by_user,manually checked against the matching review image
fci_night_8101,fci,night,8101,A66,available,available,verified,manually_verified_by_user,manually checked against the matching review image
fci_night_8101,fci,night,8101,A67,available,available,verified,manually_verified_by_user,manually checked against the matching review image
fci_night_8101,fci,night,8101,A68,available,available,verified,manually_verified_by_user,manually checked against the matching review image
fci_night_8101,fci,night,8101,A69,available,available,verified,manually_verified_by_user,manually checked against the matching review image
fci_night_8101,fci,night,8101,A70,occupied,occupied,verified,manually_verified_by_user,manually checked against the matching review image
fci_night_8101,fci,night,8101,A71,available,available,verified,manually_verified_by_user,manually checked against the matching review image
fci_night_8101,fci,night,8101,A72,available,available,verified,manually_verified_by_user,manually checked against the matching review image
fci_night_8101,fci,night,8101,A73,available,available,verified,manually_verified_by_user,manually checked against the matching review image
fci_night_8101,fci,night,8101,A74,available,available,verified,manually_verified_by_user,manually checked against the matching review image
fci_night_8101,fci,night,8101,A75,available,available,verified,manually_verified_by_user,manually checked against the matching review image
fci_night_8101,fci,night,8101,A76,available,available,verified,manually_verified_by_user,manually checked against the matching review image
fci_night_8101,fci,night,8101,A77,occupied,occupied,verified,manually_verified_by_user,manually checked against the matching review image
fci_night_9721,fci,night,9721,A1,available,available,verified,manually_verified_by_user,manually checked against the matching review image
fci_night_9721,fci,night,9721,A2,available,available,verified,manually_verified_by_user,manually checked against the matching review image
fci_night_9721,fci,night,9721,A3,available,available,verified,manually_verified_by_user,manually checked against the matching review image
fci_night_9721,fci,night,9721,A4,available,available,verified,manually_verified_by_user,manually checked against the matching review image
fci_night_9721,fci,night,9721,A5,available,available,verified,manually_verified_by_user,manually checked against the matching review image
fci_night_9721,fci,night,9721,A6,available,available,verified,manually_verified_by_user,manually checked against the matching review image
fci_night_9721,fci,night,9721,A7,available,available,verified,manually_verified_by_user,manually checked against the matching review image
fci_night_9721,fci,night,9721,A8,available,available,verified,manually_verified_by_user,manually checked against the matching review image
fci_night_9721,fci,night,9721,A9,available,available,verified,manually_verified_by_user,manually checked against the matching review image
fci_night_9721,fci,night,9721,A10,available,available,verified,manually_verified_by_user,manually checked against the matching review image
fci_night_9721,fci,night,9721,A11,available,available,verified,manually_verified_by_user,manually checked against the matching review image
fci_night_9721,fci,night,9721,A12,available,available,verified,manually_verified_by_user,manually checked against the matching review image
fci_night_9721,fci,night,9721,A13,available,available,verified,manually_verified_by_user,manually checked against the matching review image
fci_night_9721,fci,night,9721,A14,available,available,verified,manually_verified_by_user,manually checked against the matching review image
fci_night_9721,fci,night,9721,A15,available,available,verified,manually_verified_by_user,manually checked against the matching review image
fci_night_9721,fci,night,9721,A16,available,available,verified,manually_verified_by_user,manually checked against the matching review image
fci_night_9721,fci,night,9721,A17,available,available,verified,manually_verified_by_user,manually checked against the matching review image
fci_night_9721,fci,night,9721,A18,available,available,verified,manually_verified_by_user,manually checked against the matching review image
fci_night_9721,fci,night,9721,A19,available,available,verified,manually_verified_by_user,manually checked against the matching review image
fci_night_9721,fci,night,9721,A20,available,available,verified,manually_verified_by_user,manually checked against the matching review image
fci_night_9721,fci,night,9721,A21,available,available,verified,manually_verified_by_user,manually checked against the matching review image
fci_night_9721,fci,night,9721,A22,available,available,verified,manually_verified_by_user,manually checked against the matching review image
fci_night_9721,fci,night,9721,A23,available,available,verified,manually_verified_by_user,manually checked against the matching review image
fci_night_9721,fci,night,9721,A24,available,available,verified,manually_verified_by_user,manually checked against the matching review image
fci_night_9721,fci,night,9721,A25,available,available,verified,manually_verified_by_user,manually checked against the matching review image
fci_night_9721,fci,night,9721,A26,available,available,verified,manually_verified_by_user,manually checked against the matching review image
fci_night_9721,fci,night,9721,A27,occupied,occupied,verified,manually_verified_by_user,manually checked against the matching review image
fci_night_9721,fci,night,9721,A28,available,available,verified,manually_verified_by_user,manually checked against the matching review image
fci_night_9721,fci,night,9721,A29,occupied,occupied,verified,manually_verified_by_user,manually checked against the matching review image
fci_night_9721,fci,night,9721,A30,available,available,verified,manually_verified_by_user,manually checked against the matching review image
fci_night_9721,fci,night,9721,A31,available,available,verified,manually_verified_by_user,manually checked against the matching review image
fci_night_9721,fci,night,9721,A32,available,available,verified,manually_verified_by_user,manually checked against the matching review image
fci_night_9721,fci,night,9721,A33,available,available,verified,manually_verified_by_user,manually checked against the matching review image
fci_night_9721,fci,night,9721,A34,available,available,verified,manually_verified_by_user,manually checked against the matching review image
fci_night_9721,fci,night,9721,A35,available,available,verified,manually_verified_by_user,manually checked against the matching review image
fci_night_9721,fci,night,9721,A36,available,available,verified,manually_verified_by_user,manually checked against the matching review image
fci_night_9721,fci,night,9721,A37,available,available,verified,manually_verified_by_user,manually checked against the matching review image
fci_night_9721,fci,night,9721,A38,available,available,verified,manually_verified_by_user,manually checked against the matching review image
fci_night_9721,fci,night,9721,A39,available,available,verified,manually_verified_by_user,manually checked against the matching review image
fci_night_9721,fci,night,9721,A40,available,available,verified,manually_verified_by_user,manually checked against the matching review image
fci_night_9721,fci,night,9721,A41,available,available,verified,manually_verified_by_user,manually checked against the matching review image
fci_night_9721,fci,night,9721,A42,available,available,verified,manually_verified_by_user,manually checked against the matching review image
fci_night_9721,fci,night,9721,A43,available,available,verified,manually_verified_by_user,manually checked against the matching review image
fci_night_9721,fci,night,9721,A44,available,available,verified,manually_verified_by_user,manually checked against the matching review image
fci_night_9721,fci,night,9721,A45,available,available,verified,manually_verified_by_user,manually checked against the matching review image
fci_night_9721,fci,night,9721,A46,available,available,verified,manually_verified_by_user,manually checked against the matching review image
fci_night_9721,fci,night,9721,A47,available,available,verified,manually_verified_by_user,manually checked against the matching review image
fci_night_9721,fci,night,9721,A48,available,available,verified,manually_verified_by_user,manually checked against the matching review image
fci_night_9721,fci,night,9721,A49,available,available,verified,manually_verified_by_user,manually checked against the matching review image
fci_night_9721,fci,night,9721,A50,available,available,verified,manually_verified_by_user,manually checked against the matching review image
fci_night_9721,fci,night,9721,A51,available,available,verified,manually_verified_by_user,manually checked against the matching review image
fci_night_9721,fci,night,9721,A52,occupied,occupied,verified,manually_verified_by_user,manually checked against the matching review image
fci_night_9721,fci,night,9721,A53,available,available,verified,manually_verified_by_user,manually checked against the matching review image
fci_night_9721,fci,night,9721,A54,occupied,occupied,verified,manually_verified_by_user,manually checked against the matching review image
fci_night_9721,fci,night,9721,A55,available,available,verified,manually_verified_by_user,manually checked against the matching review image
fci_night_9721,fci,night,9721,A56,occupied,occupied,verified,manually_verified_by_user,manually checked against the matching review image
fci_night_9721,fci,night,9721,A57,available,available,verified,manually_verified_by_user,manually checked against the matching review image
fci_night_9721,fci,night,9721,A58,available,available,verified,manually_verified_by_user,manually checked against the matching review image
fci_night_9721,fci,night,9721,A59,available,available,verified,manually_verified_by_user,manually checked against the matching review image
fci_night_9721,fci,night,9721,A60,available,available,verified,manually_verified_by_user,manually checked against the matching review image
fci_night_9721,fci,night,9721,A61,available,available,verified,manually_verified_by_user,manually checked against the matching review image
fci_night_9721,fci,night,9721,A62,available,available,verified,manually_verified_by_user,manually checked against the matching review image
fci_night_9721,fci,night,9721,A63,available,available,verified,manually_verified_by_user,manually checked against the matching review image
fci_night_9721,fci,night,9721,A64,available,available,verified,manually_verified_by_user,manually checked against the matching review image
fci_night_9721,fci,night,9721,A65,available,available,verified,manually_verified_by_user,manually checked against the matching review image
fci_night_9721,fci,night,9721,A66,available,available,verified,manually_verified_by_user,manually checked against the matching review image
fci_night_9721,fci,night,9721,A67,available,available,verified,manually_verified_by_user,manually checked against the matching review image
fci_night_9721,fci,night,9721,A68,available,available,verified,manually_verified_by_user,manually checked against the matching review image
fci_night_9721,fci,night,9721,A69,occupied,occupied,verified,manually_verified_by_user,manually checked against the matching review image
fci_night_9721,fci,night,9721,A70,occupied,occupied,verified,manually_verified_by_user,manually checked against the matching review image
fci_night_9721,fci,night,9721,A71,available,available,verified,manually_verified_by_user,manually checked against the matching review image
fci_night_9721,fci,night,9721,A72,available,available,verified,manually_verified_by_user,manually checked against the matching review image
fci_night_9721,fci,night,9721,A73,available,available,verified,manually_verified_by_user,manually checked against the matching review image
fci_night_9721,fci,night,9721,A74,available,available,verified,manually_verified_by_user,manually checked against the matching review image
fci_night_9721,fci,night,9721,A75,available,available,verified,manually_verified_by_user,manually checked against the matching review image
fci_night_9721,fci,night,9721,A76,available,available,verified,manually_verified_by_user,manually checked against the matching review image
fci_night_9721,fci,night,9721,A77,occupied,occupied,verified,manually_verified_by_user,manually checked against the matching review image
fci_night_11342,fci,night,11342,A1,available,available,verified,manually_verified_by_user,manually checked against the matching review image
fci_night_11342,fci,night,11342,A2,available,available,verified,manually_verified_by_user,manually checked against the matching review image
fci_night_11342,fci,night,11342,A3,available,available,verified,manually_verified_by_user,manually checked against the matching review image
fci_night_11342,fci,night,11342,A4,available,available,verified,manually_verified_by_user,manually checked against the matching review image
fci_night_11342,fci,night,11342,A5,available,available,verified,manually_verified_by_user,manually checked against the matching review image
fci_night_11342,fci,night,11342,A6,available,available,verified,manually_verified_by_user,manually checked against the matching review image
fci_night_11342,fci,night,11342,A7,available,available,verified,manually_verified_by_user,manually checked against the matching review image
fci_night_11342,fci,night,11342,A8,available,available,verified,manually_verified_by_user,manually checked against the matching review image
fci_night_11342,fci,night,11342,A9,available,available,verified,manually_verified_by_user,manually checked against the matching review image
fci_night_11342,fci,night,11342,A10,available,available,verified,manually_verified_by_user,manually checked against the matching review image
fci_night_11342,fci,night,11342,A11,available,available,verified,manually_verified_by_user,manually checked against the matching review image
fci_night_11342,fci,night,11342,A12,available,available,verified,manually_verified_by_user,manually checked against the matching review image
fci_night_11342,fci,night,11342,A13,available,available,verified,manually_verified_by_user,manually checked against the matching review image
fci_night_11342,fci,night,11342,A14,available,available,verified,manually_verified_by_user,manually checked against the matching review image
fci_night_11342,fci,night,11342,A15,available,available,verified,manually_verified_by_user,manually checked against the matching review image
fci_night_11342,fci,night,11342,A16,available,available,verified,manually_verified_by_user,manually checked against the matching review image
fci_night_11342,fci,night,11342,A17,available,available,verified,manually_verified_by_user,manually checked against the matching review image
fci_night_11342,fci,night,11342,A18,available,available,verified,manually_verified_by_user,manually checked against the matching review image
fci_night_11342,fci,night,11342,A19,available,available,verified,manually_verified_by_user,manually checked against the matching review image
fci_night_11342,fci,night,11342,A20,available,available,verified,manually_verified_by_user,manually checked against the matching review image
fci_night_11342,fci,night,11342,A21,available,available,verified,manually_verified_by_user,manually checked against the matching review image
fci_night_11342,fci,night,11342,A22,available,available,verified,manually_verified_by_user,manually checked against the matching review image
fci_night_11342,fci,night,11342,A23,available,available,verified,manually_verified_by_user,manually checked against the matching review image
fci_night_11342,fci,night,11342,A24,available,available,verified,manually_verified_by_user,manually checked against the matching review image
fci_night_11342,fci,night,11342,A25,available,available,verified,manually_verified_by_user,manually checked against the matching review image
fci_night_11342,fci,night,11342,A26,available,available,verified,manually_verified_by_user,manually checked against the matching review image
fci_night_11342,fci,night,11342,A27,occupied,occupied,verified,manually_verified_by_user,manually checked against the matching review image
fci_night_11342,fci,night,11342,A28,available,available,verified,manually_verified_by_user,manually checked against the matching review image
fci_night_11342,fci,night,11342,A29,occupied,occupied,verified,manually_verified_by_user,manually checked against the matching review image
fci_night_11342,fci,night,11342,A30,available,available,verified,manually_verified_by_user,manually checked against the matching review image
fci_night_11342,fci,night,11342,A31,available,available,verified,manually_verified_by_user,manually checked against the matching review image
fci_night_11342,fci,night,11342,A32,available,available,verified,manually_verified_by_user,manually checked against the matching review image
fci_night_11342,fci,night,11342,A33,available,available,verified,manually_verified_by_user,manually checked against the matching review image
fci_night_11342,fci,night,11342,A34,available,available,verified,manually_verified_by_user,manually checked against the matching review image
fci_night_11342,fci,night,11342,A35,available,available,verified,manually_verified_by_user,manually checked against the matching review image
fci_night_11342,fci,night,11342,A36,available,available,verified,manually_verified_by_user,manually checked against the matching review image
fci_night_11342,fci,night,11342,A37,available,available,verified,manually_verified_by_user,manually checked against the matching review image
fci_night_11342,fci,night,11342,A38,available,available,verified,manually_verified_by_user,manually checked against the matching review image
fci_night_11342,fci,night,11342,A39,available,available,verified,manually_verified_by_user,manually checked against the matching review image
fci_night_11342,fci,night,11342,A40,available,available,verified,manually_verified_by_user,manually checked against the matching review image
fci_night_11342,fci,night,11342,A41,available,available,verified,manually_verified_by_user,manually checked against the matching review image
fci_night_11342,fci,night,11342,A42,available,available,verified,manually_verified_by_user,manually checked against the matching review image
fci_night_11342,fci,night,11342,A43,available,available,verified,manually_verified_by_user,manually checked against the matching review image
fci_night_11342,fci,night,11342,A44,available,available,verified,manually_verified_by_user,manually checked against the matching review image
fci_night_11342,fci,night,11342,A45,available,available,verified,manually_verified_by_user,manually checked against the matching review image
fci_night_11342,fci,night,11342,A46,available,available,verified,manually_verified_by_user,manually checked against the matching review image
fci_night_11342,fci,night,11342,A47,available,available,verified,manually_verified_by_user,manually checked against the matching review image
fci_night_11342,fci,night,11342,A48,available,available,verified,manually_verified_by_user,manually checked against the matching review image
fci_night_11342,fci,night,11342,A49,available,available,verified,manually_verified_by_user,manually checked against the matching review image
fci_night_11342,fci,night,11342,A50,available,available,verified,manually_verified_by_user,manually checked against the matching review image
fci_night_11342,fci,night,11342,A51,available,available,verified,manually_verified_by_user,manually checked against the matching review image
fci_night_11342,fci,night,11342,A52,occupied,occupied,verified,manually_verified_by_user,manually checked against the matching review image
fci_night_11342,fci,night,11342,A53,available,available,verified,manually_verified_by_user,manually checked against the matching review image
fci_night_11342,fci,night,11342,A54,occupied,occupied,verified,manually_verified_by_user,manually checked against the matching review image
fci_night_11342,fci,night,11342,A55,available,available,verified,manually_verified_by_user,manually checked against the matching review image
fci_night_11342,fci,night,11342,A56,occupied,occupied,verified,manually_verified_by_user,manually checked against the matching review image
fci_night_11342,fci,night,11342,A57,available,available,verified,manually_verified_by_user,manually checked against the matching review image
fci_night_11342,fci,night,11342,A58,available,available,verified,manually_verified_by_user,manually checked against the matching review image
fci_night_11342,fci,night,11342,A59,available,available,verified,manually_verified_by_user,manually checked against the matching review image
fci_night_11342,fci,night,11342,A60,available,available,verified,manually_verified_by_user,manually checked against the matching review image
fci_night_11342,fci,night,11342,A61,available,available,verified,manually_verified_by_user,manually checked against the matching review image
fci_night_11342,fci,night,11342,A62,available,available,verified,manually_verified_by_user,manually checked against the matching review image
fci_night_11342,fci,night,11342,A63,available,available,verified,manually_verified_by_user,manually checked against the matching review image
fci_night_11342,fci,night,11342,A64,available,available,verified,manually_verified_by_user,manually checked against the matching review image
fci_night_11342,fci,night,11342,A65,available,available,verified,manually_verified_by_user,manually checked against the matching review image
fci_night_11342,fci,night,11342,A66,available,available,verified,manually_verified_by_user,manually checked against the matching review image
fci_night_11342,fci,night,11342,A67,available,available,verified,manually_verified_by_user,manually checked against the matching review image
fci_night_11342,fci,night,11342,A68,available,available,verified,manually_verified_by_user,manually checked against the matching review image
fci_night_11342,fci,night,11342,A69,occupied,occupied,verified,manually_verified_by_user,manually checked against the matching review image
fci_night_11342,fci,night,11342,A70,occupied,occupied,verified,manually_verified_by_user,manually checked against the matching review image
fci_night_11342,fci,night,11342,A71,available,available,verified,manually_verified_by_user,manually checked against the matching review image
fci_night_11342,fci,night,11342,A72,available,available,verified,manually_verified_by_user,manually checked against the matching review image
fci_night_11342,fci,night,11342,A73,available,available,verified,manually_verified_by_user,manually checked against the matching review image
fci_night_11342,fci,night,11342,A74,available,available,verified,manually_verified_by_user,manually checked against the matching review image
fci_night_11342,fci,night,11342,A75,available,available,verified,manually_verified_by_user,manually checked against the matching review image
fci_night_11342,fci,night,11342,A76,available,available,verified,manually_verified_by_user,manually checked against the matching review image
fci_night_11342,fci,night,11342,A77,occupied,occupied,verified,manually_verified_by_user,manually checked against the matching review image
fci_night_12962,fci,night,12962,A1,available,available,verified,manually_verified_by_user,manually checked against the matching review image
fci_night_12962,fci,night,12962,A2,available,available,verified,manually_verified_by_user,manually checked against the matching review image
fci_night_12962,fci,night,12962,A3,available,available,verified,manually_verified_by_user,manually checked against the matching review image
fci_night_12962,fci,night,12962,A4,available,available,verified,manually_verified_by_user,manually checked against the matching review image
fci_night_12962,fci,night,12962,A5,available,available,verified,manually_verified_by_user,manually checked against the matching review image
fci_night_12962,fci,night,12962,A6,available,available,verified,manually_verified_by_user,manually checked against the matching review image
fci_night_12962,fci,night,12962,A7,available,available,verified,manually_verified_by_user,manually checked against the matching review image
fci_night_12962,fci,night,12962,A8,available,available,verified,manually_verified_by_user,manually checked against the matching review image
fci_night_12962,fci,night,12962,A9,available,available,verified,manually_verified_by_user,manually checked against the matching review image
fci_night_12962,fci,night,12962,A10,available,available,verified,manually_verified_by_user,manually checked against the matching review image
fci_night_12962,fci,night,12962,A11,available,available,verified,manually_verified_by_user,manually checked against the matching review image
fci_night_12962,fci,night,12962,A12,available,available,verified,manually_verified_by_user,manually checked against the matching review image
fci_night_12962,fci,night,12962,A13,available,available,verified,manually_verified_by_user,manually checked against the matching review image
fci_night_12962,fci,night,12962,A14,available,available,verified,manually_verified_by_user,manually checked against the matching review image
fci_night_12962,fci,night,12962,A15,available,available,verified,manually_verified_by_user,manually checked against the matching review image
fci_night_12962,fci,night,12962,A16,available,available,verified,manually_verified_by_user,manually checked against the matching review image
fci_night_12962,fci,night,12962,A17,available,available,verified,manually_verified_by_user,manually checked against the matching review image
fci_night_12962,fci,night,12962,A18,available,available,verified,manually_verified_by_user,manually checked against the matching review image
fci_night_12962,fci,night,12962,A19,available,available,verified,manually_verified_by_user,manually checked against the matching review image
fci_night_12962,fci,night,12962,A20,available,available,verified,manually_verified_by_user,manually checked against the matching review image
fci_night_12962,fci,night,12962,A21,available,available,verified,manually_verified_by_user,manually checked against the matching review image
fci_night_12962,fci,night,12962,A22,available,available,verified,manually_verified_by_user,manually checked against the matching review image
fci_night_12962,fci,night,12962,A23,available,available,verified,manually_verified_by_user,manually checked against the matching review image
fci_night_12962,fci,night,12962,A24,available,available,verified,manually_verified_by_user,manually checked against the matching review image
fci_night_12962,fci,night,12962,A25,available,available,verified,manually_verified_by_user,manually checked against the matching review image
fci_night_12962,fci,night,12962,A26,available,available,verified,manually_verified_by_user,manually checked against the matching review image
fci_night_12962,fci,night,12962,A27,occupied,occupied,verified,manually_verified_by_user,manually checked against the matching review image
fci_night_12962,fci,night,12962,A28,available,available,verified,manually_verified_by_user,manually checked against the matching review image
fci_night_12962,fci,night,12962,A29,occupied,occupied,verified,manually_verified_by_user,manually checked against the matching review image
fci_night_12962,fci,night,12962,A30,available,available,verified,manually_verified_by_user,manually checked against the matching review image
fci_night_12962,fci,night,12962,A31,available,available,verified,manually_verified_by_user,manually checked against the matching review image
fci_night_12962,fci,night,12962,A32,available,available,verified,manually_verified_by_user,manually checked against the matching review image
fci_night_12962,fci,night,12962,A33,available,available,verified,manually_verified_by_user,manually checked against the matching review image
fci_night_12962,fci,night,12962,A34,available,available,verified,manually_verified_by_user,manually checked against the matching review image
fci_night_12962,fci,night,12962,A35,available,available,verified,manually_verified_by_user,manually checked against the matching review image
fci_night_12962,fci,night,12962,A36,available,available,verified,manually_verified_by_user,manually checked against the matching review image
fci_night_12962,fci,night,12962,A37,available,available,verified,manually_verified_by_user,manually checked against the matching review image
fci_night_12962,fci,night,12962,A38,available,available,verified,manually_verified_by_user,manually checked against the matching review image
fci_night_12962,fci,night,12962,A39,available,available,verified,manually_verified_by_user,manually checked against the matching review image
fci_night_12962,fci,night,12962,A40,available,available,verified,manually_verified_by_user,manually checked against the matching review image
fci_night_12962,fci,night,12962,A41,available,available,verified,manually_verified_by_user,manually checked against the matching review image
fci_night_12962,fci,night,12962,A42,available,available,verified,manually_verified_by_user,manually checked against the matching review image
fci_night_12962,fci,night,12962,A43,available,available,verified,manually_verified_by_user,manually checked against the matching review image
fci_night_12962,fci,night,12962,A44,available,available,verified,manually_verified_by_user,manually checked against the matching review image
fci_night_12962,fci,night,12962,A45,available,available,verified,manually_verified_by_user,manually checked against the matching review image
fci_night_12962,fci,night,12962,A46,available,available,verified,manually_verified_by_user,manually checked against the matching review image
fci_night_12962,fci,night,12962,A47,available,available,verified,manually_verified_by_user,manually checked against the matching review image
fci_night_12962,fci,night,12962,A48,available,available,verified,manually_verified_by_user,manually checked against the matching review image
fci_night_12962,fci,night,12962,A49,available,available,verified,manually_verified_by_user,manually checked against the matching review image
fci_night_12962,fci,night,12962,A50,available,available,verified,manually_verified_by_user,manually checked against the matching review image
fci_night_12962,fci,night,12962,A51,available,available,verified,manually_verified_by_user,manually checked against the matching review image
fci_night_12962,fci,night,12962,A52,occupied,occupied,verified,manually_verified_by_user,manually checked against the matching review image
fci_night_12962,fci,night,12962,A53,available,available,verified,manually_verified_by_user,manually checked against the matching review image
fci_night_12962,fci,night,12962,A54,occupied,occupied,verified,manually_verified_by_user,manually checked against the matching review image
fci_night_12962,fci,night,12962,A55,available,available,verified,manually_verified_by_user,manually checked against the matching review image
fci_night_12962,fci,night,12962,A56,occupied,occupied,verified,manually_verified_by_user,manually checked against the matching review image
fci_night_12962,fci,night,12962,A57,available,available,verified,manually_verified_by_user,manually checked against the matching review image
fci_night_12962,fci,night,12962,A58,available,available,verified,manually_verified_by_user,manually checked against the matching review image
fci_night_12962,fci,night,12962,A59,available,available,verified,manually_verified_by_user,manually checked against the matching review image
fci_night_12962,fci,night,12962,A60,available,available,verified,manually_verified_by_user,manually checked against the matching review image
fci_night_12962,fci,night,12962,A61,available,available,verified,manually_verified_by_user,manually checked against the matching review image
fci_night_12962,fci,night,12962,A62,available,available,verified,manually_verified_by_user,manually checked against the matching review image
fci_night_12962,fci,night,12962,A63,available,available,verified,manually_verified_by_user,manually checked against the matching review image
fci_night_12962,fci,night,12962,A64,available,available,verified,manually_verified_by_user,manually checked against the matching review image
fci_night_12962,fci,night,12962,A65,available,available,verified,manually_verified_by_user,manually checked against the matching review image
fci_night_12962,fci,night,12962,A66,available,available,verified,manually_verified_by_user,manually checked against the matching review image
fci_night_12962,fci,night,12962,A67,available,available,verified,manually_verified_by_user,manually checked against the matching review image
fci_night_12962,fci,night,12962,A68,available,available,verified,manually_verified_by_user,manually checked against the matching review image
fci_night_12962,fci,night,12962,A69,occupied,occupied,verified,manually_verified_by_user,manually checked against the matching review image
fci_night_12962,fci,night,12962,A70,occupied,occupied,verified,manually_verified_by_user,manually checked against the matching review image
fci_night_12962,fci,night,12962,A71,available,available,verified,manually_verified_by_user,manually checked against the matching review image
fci_night_12962,fci,night,12962,A72,available,available,verified,manually_verified_by_user,manually checked against the matching review image
fci_night_12962,fci,night,12962,A73,available,available,verified,manually_verified_by_user,manually checked against the matching review image
fci_night_12962,fci,night,12962,A74,available,available,verified,manually_verified_by_user,manually checked against the matching review image
fci_night_12962,fci,night,12962,A75,available,available,verified,manually_verified_by_user,manually checked against the matching review image
fci_night_12962,fci,night,12962,A76,available,available,verified,manually_verified_by_user,manually checked against the matching review image
fci_night_12962,fci,night,12962,A77,occupied,occupied,verified,manually_verified_by_user,manually checked against the matching review image
fci_night_14582,fci,night,14582,A1,available,available,verified,manually_verified_by_user,manually checked against the matching review image
fci_night_14582,fci,night,14582,A2,available,available,verified,manually_verified_by_user,manually checked against the matching review image
fci_night_14582,fci,night,14582,A3,available,available,verified,manually_verified_by_user,manually checked against the matching review image
fci_night_14582,fci,night,14582,A4,available,available,verified,manually_verified_by_user,manually checked against the matching review image
fci_night_14582,fci,night,14582,A5,available,available,verified,manually_verified_by_user,manually checked against the matching review image
fci_night_14582,fci,night,14582,A6,available,available,verified,manually_verified_by_user,manually checked against the matching review image
fci_night_14582,fci,night,14582,A7,available,available,verified,manually_verified_by_user,manually checked against the matching review image
fci_night_14582,fci,night,14582,A8,available,available,verified,manually_verified_by_user,manually checked against the matching review image
fci_night_14582,fci,night,14582,A9,available,available,verified,manually_verified_by_user,manually checked against the matching review image
fci_night_14582,fci,night,14582,A10,available,available,verified,manually_verified_by_user,manually checked against the matching review image
fci_night_14582,fci,night,14582,A11,available,available,verified,manually_verified_by_user,manually checked against the matching review image
fci_night_14582,fci,night,14582,A12,available,available,verified,manually_verified_by_user,manually checked against the matching review image
fci_night_14582,fci,night,14582,A13,available,available,verified,manually_verified_by_user,manually checked against the matching review image
fci_night_14582,fci,night,14582,A14,available,available,verified,manually_verified_by_user,manually checked against the matching review image
fci_night_14582,fci,night,14582,A15,available,available,verified,manually_verified_by_user,manually checked against the matching review image
fci_night_14582,fci,night,14582,A16,available,available,verified,manually_verified_by_user,manually checked against the matching review image
fci_night_14582,fci,night,14582,A17,available,available,verified,manually_verified_by_user,manually checked against the matching review image
fci_night_14582,fci,night,14582,A18,available,available,verified,manually_verified_by_user,manually checked against the matching review image
fci_night_14582,fci,night,14582,A19,available,available,verified,manually_verified_by_user,manually checked against the matching review image
fci_night_14582,fci,night,14582,A20,available,available,verified,manually_verified_by_user,manually checked against the matching review image
fci_night_14582,fci,night,14582,A21,available,available,verified,manually_verified_by_user,manually checked against the matching review image
fci_night_14582,fci,night,14582,A22,available,available,verified,manually_verified_by_user,manually checked against the matching review image
fci_night_14582,fci,night,14582,A23,available,available,verified,manually_verified_by_user,manually checked against the matching review image
fci_night_14582,fci,night,14582,A24,available,available,verified,manually_verified_by_user,manually checked against the matching review image
fci_night_14582,fci,night,14582,A25,available,available,verified,manually_verified_by_user,manually checked against the matching review image
fci_night_14582,fci,night,14582,A26,available,available,verified,manually_verified_by_user,manually checked against the matching review image
fci_night_14582,fci,night,14582,A27,occupied,occupied,verified,manually_verified_by_user,manually checked against the matching review image
fci_night_14582,fci,night,14582,A28,available,available,verified,manually_verified_by_user,manually checked against the matching review image
fci_night_14582,fci,night,14582,A29,occupied,occupied,verified,manually_verified_by_user,manually checked against the matching review image
fci_night_14582,fci,night,14582,A30,available,available,verified,manually_verified_by_user,manually checked against the matching review image
fci_night_14582,fci,night,14582,A31,available,available,verified,manually_verified_by_user,manually checked against the matching review image
fci_night_14582,fci,night,14582,A32,available,available,verified,manually_verified_by_user,manually checked against the matching review image
fci_night_14582,fci,night,14582,A33,available,available,verified,manually_verified_by_user,manually checked against the matching review image
fci_night_14582,fci,night,14582,A34,available,available,verified,manually_verified_by_user,manually checked against the matching review image
fci_night_14582,fci,night,14582,A35,available,available,verified,manually_verified_by_user,manually checked against the matching review image
fci_night_14582,fci,night,14582,A36,available,available,verified,manually_verified_by_user,manually checked against the matching review image
fci_night_14582,fci,night,14582,A37,available,available,verified,manually_verified_by_user,manually checked against the matching review image
fci_night_14582,fci,night,14582,A38,available,available,verified,manually_verified_by_user,manually checked against the matching review image
fci_night_14582,fci,night,14582,A39,available,available,verified,manually_verified_by_user,manually checked against the matching review image
fci_night_14582,fci,night,14582,A40,available,available,verified,manually_verified_by_user,manually checked against the matching review image
fci_night_14582,fci,night,14582,A41,available,available,verified,manually_verified_by_user,manually checked against the matching review image
fci_night_14582,fci,night,14582,A42,available,available,verified,manually_verified_by_user,manually checked against the matching review image
fci_night_14582,fci,night,14582,A43,available,available,verified,manually_verified_by_user,manually checked against the matching review image
fci_night_14582,fci,night,14582,A44,available,available,verified,manually_verified_by_user,manually checked against the matching review image
fci_night_14582,fci,night,14582,A45,available,available,verified,manually_verified_by_user,manually checked against the matching review image
fci_night_14582,fci,night,14582,A46,available,available,verified,manually_verified_by_user,manually checked against the matching review image
fci_night_14582,fci,night,14582,A47,available,available,verified,manually_verified_by_user,manually checked against the matching review image
fci_night_14582,fci,night,14582,A48,available,available,verified,manually_verified_by_user,manually checked against the matching review image
fci_night_14582,fci,night,14582,A49,available,available,verified,manually_verified_by_user,manually checked against the matching review image
fci_night_14582,fci,night,14582,A50,available,available,verified,manually_verified_by_user,manually checked against the matching review image
fci_night_14582,fci,night,14582,A51,available,available,verified,manually_verified_by_user,manually checked against the matching review image
fci_night_14582,fci,night,14582,A52,occupied,occupied,verified,manually_verified_by_user,manually checked against the matching review image
fci_night_14582,fci,night,14582,A53,available,available,verified,manually_verified_by_user,manually checked against the matching review image
fci_night_14582,fci,night,14582,A54,occupied,occupied,verified,manually_verified_by_user,manually checked against the matching review image
fci_night_14582,fci,night,14582,A55,available,available,verified,manually_verified_by_user,manually checked against the matching review image
fci_night_14582,fci,night,14582,A56,occupied,occupied,verified,manually_verified_by_user,manually checked against the matching review image
fci_night_14582,fci,night,14582,A57,available,available,verified,manually_verified_by_user,manually checked against the matching review image
fci_night_14582,fci,night,14582,A58,available,available,verified,manually_verified_by_user,manually checked against the matching review image
fci_night_14582,fci,night,14582,A59,available,available,verified,manually_verified_by_user,manually checked against the matching review image
fci_night_14582,fci,night,14582,A60,available,available,verified,manually_verified_by_user,manually checked against the matching review image
fci_night_14582,fci,night,14582,A61,available,available,verified,manually_verified_by_user,manually checked against the matching review image
fci_night_14582,fci,night,14582,A62,available,available,verified,manually_verified_by_user,manually checked against the matching review image
fci_night_14582,fci,night,14582,A63,available,available,verified,manually_verified_by_user,manually checked against the matching review image
fci_night_14582,fci,night,14582,A64,available,available,verified,manually_verified_by_user,manually checked against the matching review image
fci_night_14582,fci,night,14582,A65,available,available,verified,manually_verified_by_user,manually checked against the matching review image
fci_night_14582,fci,night,14582,A66,available,available,verified,manually_verified_by_user,manually checked against the matching review image
fci_night_14582,fci,night,14582,A67,available,available,verified,manually_verified_by_user,manually checked against the matching review image
fci_night_14582,fci,night,14582,A68,available,available,verified,manually_verified_by_user,manually checked against the matching review image
fci_night_14582,fci,night,14582,A69,occupied,occupied,verified,manually_verified_by_user,manually checked against the matching review image
fci_night_14582,fci,night,14582,A70,occupied,occupied,verified,manually_verified_by_user,manually checked against the matching review image
fci_night_14582,fci,night,14582,A71,available,available,verified,manually_verified_by_user,manually checked against the matching review image
fci_night_14582,fci,night,14582,A72,available,available,verified,manually_verified_by_user,manually checked against the matching review image
fci_night_14582,fci,night,14582,A73,available,available,verified,manually_verified_by_user,manually checked against the matching review image
fci_night_14582,fci,night,14582,A74,available,available,verified,manually_verified_by_user,manually checked against the matching review image
fci_night_14582,fci,night,14582,A75,available,available,verified,manually_verified_by_user,manually checked against the matching review image
fci_night_14582,fci,night,14582,A76,available,available,verified,manually_verified_by_user,manually checked against the matching review image
fci_night_14582,fci,night,14582,A77,occupied,occupied,verified,manually_verified_by_user,manually checked against the matching review image
fci_night_16203,fci,night,16203,A1,available,available,verified,manually_verified_by_user,manually checked against the matching review image
fci_night_16203,fci,night,16203,A2,available,available,verified,manually_verified_by_user,manually checked against the matching review image
fci_night_16203,fci,night,16203,A3,available,available,verified,manually_verified_by_user,manually checked against the matching review image
fci_night_16203,fci,night,16203,A4,available,available,verified,manually_verified_by_user,manually checked against the matching review image
fci_night_16203,fci,night,16203,A5,available,available,verified,manually_verified_by_user,manually checked against the matching review image
fci_night_16203,fci,night,16203,A6,available,available,verified,manually_verified_by_user,manually checked against the matching review image
fci_night_16203,fci,night,16203,A7,available,available,verified,manually_verified_by_user,manually checked against the matching review image
fci_night_16203,fci,night,16203,A8,available,available,verified,manually_verified_by_user,manually checked against the matching review image
fci_night_16203,fci,night,16203,A9,available,available,verified,manually_verified_by_user,manually checked against the matching review image
fci_night_16203,fci,night,16203,A10,available,available,verified,manually_verified_by_user,manually checked against the matching review image
fci_night_16203,fci,night,16203,A11,available,available,verified,manually_verified_by_user,manually checked against the matching review image
fci_night_16203,fci,night,16203,A12,available,available,verified,manually_verified_by_user,manually checked against the matching review image
fci_night_16203,fci,night,16203,A13,available,available,verified,manually_verified_by_user,manually checked against the matching review image
fci_night_16203,fci,night,16203,A14,available,available,verified,manually_verified_by_user,manually checked against the matching review image
fci_night_16203,fci,night,16203,A15,available,available,verified,manually_verified_by_user,manually checked against the matching review image
fci_night_16203,fci,night,16203,A16,available,available,verified,manually_verified_by_user,manually checked against the matching review image
fci_night_16203,fci,night,16203,A17,available,available,verified,manually_verified_by_user,manually checked against the matching review image
fci_night_16203,fci,night,16203,A18,available,available,verified,manually_verified_by_user,manually checked against the matching review image
fci_night_16203,fci,night,16203,A19,available,available,verified,manually_verified_by_user,manually checked against the matching review image
fci_night_16203,fci,night,16203,A20,available,available,verified,manually_verified_by_user,manually checked against the matching review image
fci_night_16203,fci,night,16203,A21,available,available,verified,manually_verified_by_user,manually checked against the matching review image
fci_night_16203,fci,night,16203,A22,available,available,verified,manually_verified_by_user,manually checked against the matching review image
fci_night_16203,fci,night,16203,A23,available,available,verified,manually_verified_by_user,manually checked against the matching review image
fci_night_16203,fci,night,16203,A24,available,available,verified,manually_verified_by_user,manually checked against the matching review image
fci_night_16203,fci,night,16203,A25,available,available,verified,manually_verified_by_user,manually checked against the matching review image
fci_night_16203,fci,night,16203,A26,available,available,verified,manually_verified_by_user,manually checked against the matching review image
fci_night_16203,fci,night,16203,A27,occupied,occupied,verified,manually_verified_by_user,manually checked against the matching review image
fci_night_16203,fci,night,16203,A28,available,available,verified,manually_verified_by_user,manually checked against the matching review image
fci_night_16203,fci,night,16203,A29,occupied,occupied,verified,manually_verified_by_user,manually checked against the matching review image
fci_night_16203,fci,night,16203,A30,available,available,verified,manually_verified_by_user,manually checked against the matching review image
fci_night_16203,fci,night,16203,A31,available,available,verified,manually_verified_by_user,manually checked against the matching review image
fci_night_16203,fci,night,16203,A32,available,available,verified,manually_verified_by_user,manually checked against the matching review image
fci_night_16203,fci,night,16203,A33,available,available,verified,manually_verified_by_user,manually checked against the matching review image
fci_night_16203,fci,night,16203,A34,available,available,verified,manually_verified_by_user,manually checked against the matching review image
fci_night_16203,fci,night,16203,A35,available,available,verified,manually_verified_by_user,manually checked against the matching review image
fci_night_16203,fci,night,16203,A36,available,available,verified,manually_verified_by_user,manually checked against the matching review image
fci_night_16203,fci,night,16203,A37,available,available,verified,manually_verified_by_user,manually checked against the matching review image
fci_night_16203,fci,night,16203,A38,available,available,verified,manually_verified_by_user,manually checked against the matching review image
fci_night_16203,fci,night,16203,A39,available,available,verified,manually_verified_by_user,manually checked against the matching review image
fci_night_16203,fci,night,16203,A40,available,available,verified,manually_verified_by_user,manually checked against the matching review image
fci_night_16203,fci,night,16203,A41,available,available,verified,manually_verified_by_user,manually checked against the matching review image
fci_night_16203,fci,night,16203,A42,available,available,verified,manually_verified_by_user,manually checked against the matching review image
fci_night_16203,fci,night,16203,A43,available,available,verified,manually_verified_by_user,manually checked against the matching review image
fci_night_16203,fci,night,16203,A44,available,available,verified,manually_verified_by_user,manually checked against the matching review image
fci_night_16203,fci,night,16203,A45,available,available,verified,manually_verified_by_user,manually checked against the matching review image
fci_night_16203,fci,night,16203,A46,available,available,verified,manually_verified_by_user,manually checked against the matching review image
fci_night_16203,fci,night,16203,A47,available,available,verified,manually_verified_by_user,manually checked against the matching review image
fci_night_16203,fci,night,16203,A48,available,available,verified,manually_verified_by_user,manually checked against the matching review image
fci_night_16203,fci,night,16203,A49,available,available,verified,manually_verified_by_user,manually checked against the matching review image
fci_night_16203,fci,night,16203,A50,available,available,verified,manually_verified_by_user,manually checked against the matching review image
fci_night_16203,fci,night,16203,A51,available,available,verified,manually_verified_by_user,manually checked against the matching review image
fci_night_16203,fci,night,16203,A52,occupied,occupied,verified,manually_verified_by_user,manually checked against the matching review image
fci_night_16203,fci,night,16203,A53,available,available,verified,manually_verified_by_user,manually checked against the matching review image
fci_night_16203,fci,night,16203,A54,occupied,occupied,verified,manually_verified_by_user,manually checked against the matching review image
fci_night_16203,fci,night,16203,A55,available,available,verified,manually_verified_by_user,manually checked against the matching review image
fci_night_16203,fci,night,16203,A56,occupied,occupied,verified,manually_verified_by_user,manually checked against the matching review image
fci_night_16203,fci,night,16203,A57,available,available,verified,manually_verified_by_user,manually checked against the matching review image
fci_night_16203,fci,night,16203,A58,available,available,verified,manually_verified_by_user,manually checked against the matching review image
fci_night_16203,fci,night,16203,A59,available,available,verified,manually_verified_by_user,manually checked against the matching review image
fci_night_16203,fci,night,16203,A60,available,available,verified,manually_verified_by_user,manually checked against the matching review image
fci_night_16203,fci,night,16203,A61,available,available,verified,manually_verified_by_user,manually checked against the matching review image
fci_night_16203,fci,night,16203,A62,available,available,verified,manually_verified_by_user,manually checked against the matching review image
fci_night_16203,fci,night,16203,A63,available,available,verified,manually_verified_by_user,manually checked against the matching review image
fci_night_16203,fci,night,16203,A64,available,available,verified,manually_verified_by_user,manually checked against the matching review image
fci_night_16203,fci,night,16203,A65,available,available,verified,manually_verified_by_user,manually checked against the matching review image
fci_night_16203,fci,night,16203,A66,available,available,verified,manually_verified_by_user,manually checked against the matching review image
fci_night_16203,fci,night,16203,A67,occupied,occupied,verified,manually_verified_by_user,manually checked against the matching review image
fci_night_16203,fci,night,16203,A68,available,available,verified,manually_verified_by_user,manually checked against the matching review image
fci_night_16203,fci,night,16203,A69,occupied,occupied,verified,manually_verified_by_user,manually checked against the matching review image
fci_night_16203,fci,night,16203,A70,occupied,occupied,verified,manually_verified_by_user,manually checked against the matching review image
fci_night_16203,fci,night,16203,A71,available,available,verified,manually_verified_by_user,manually checked against the matching review image
fci_night_16203,fci,night,16203,A72,available,available,verified,manually_verified_by_user,manually checked against the matching review image
fci_night_16203,fci,night,16203,A73,available,available,verified,manually_verified_by_user,manually checked against the matching review image
fci_night_16203,fci,night,16203,A74,available,available,verified,manually_verified_by_user,manually checked against the matching review image
fci_night_16203,fci,night,16203,A75,available,available,verified,manually_verified_by_user,manually checked against the matching review image
fci_night_16203,fci,night,16203,A76,available,available,verified,manually_verified_by_user,manually checked against the matching review image
fci_night_16203,fci,night,16203,A77,occupied,occupied,verified,manually_verified_by_user,manually checked against the matching review image
faie_day_0,faie,day,0,B1,occupied,occupied,verified,manually_verified_by_user,manually checked against the matching review image
faie_day_0,faie,day,0,B2,occupied,occupied,verified,manually_verified_by_user,manually checked against the matching review image
faie_day_0,faie,day,0,B3,available,available,verified,manually_verified_by_user,manually checked against the matching review image
faie_day_0,faie,day,0,B4,occupied,occupied,verified,manually_verified_by_user,manually checked against the matching review image
faie_day_0,faie,day,0,B5,occupied,occupied,verified,manually_verified_by_user,manually checked against the matching review image
faie_day_0,faie,day,0,B6,available,available,verified,manually_verified_by_user,manually checked against the matching review image
faie_day_0,faie,day,0,B7,occupied,occupied,verified,manually_verified_by_user,manually checked against the matching review image
faie_day_0,faie,day,0,B8,occupied,occupied,verified,manually_verified_by_user,manually checked against the matching review image
faie_day_0,faie,day,0,B9,occupied,occupied,verified,manually_verified_by_user,manually checked against the matching review image
faie_day_0,faie,day,0,B10,occupied,occupied,verified,manually_verified_by_user,manually checked against the matching review image
faie_day_0,faie,day,0,B11,available,available,verified,manually_verified_by_user,manually checked against the matching review image
faie_day_0,faie,day,0,B12,available,available,verified,manually_verified_by_user,manually checked against the matching review image
faie_day_0,faie,day,0,B13,occupied,occupied,verified,manually_verified_by_user,manually checked against the matching review image
faie_day_0,faie,day,0,B14,available,available,verified,manually_verified_by_user,manually checked against the matching review image
faie_day_0,faie,day,0,B15,occupied,occupied,verified,manually_verified_by_user,manually checked against the matching review image
faie_day_0,faie,day,0,B16,occupied,occupied,verified,manually_verified_by_user,manually checked against the matching review image
faie_day_0,faie,day,0,B24,occupied,occupied,verified,manually_verified_by_user,manually checked against the matching review image
faie_day_0,faie,day,0,B25,occupied,occupied,verified,manually_verified_by_user,manually checked against the matching review image
faie_day_0,faie,day,0,B26,available,available,verified,manually_verified_by_user,manually checked against the matching review image
faie_day_0,faie,day,0,B27,occupied,occupied,verified,manually_verified_by_user,manually checked against the matching review image
faie_day_0,faie,day,0,B28,available,available,verified,manually_verified_by_user,manually checked against the matching review image
faie_day_0,faie,day,0,B29,occupied,occupied,verified,manually_verified_by_user,manually checked against the matching review image
faie_day_0,faie,day,0,B30,occupied,occupied,verified,manually_verified_by_user,manually checked against the matching review image
faie_day_0,faie,day,0,B31,available,available,verified,manually_verified_by_user,manually checked against the matching review image
faie_day_1809,faie,day,1809,B1,occupied,occupied,verified,manually_verified_by_user,manually checked against the matching review image
faie_day_1809,faie,day,1809,B2,occupied,occupied,verified,manually_verified_by_user,manually checked against the matching review image
faie_day_1809,faie,day,1809,B3,available,available,verified,manually_verified_by_user,manually checked against the matching review image
faie_day_1809,faie,day,1809,B4,occupied,occupied,verified,manually_verified_by_user,manually checked against the matching review image
faie_day_1809,faie,day,1809,B5,occupied,occupied,verified,manually_verified_by_user,manually checked against the matching review image
faie_day_1809,faie,day,1809,B6,available,available,verified,manually_verified_by_user,manually checked against the matching review image
faie_day_1809,faie,day,1809,B7,occupied,occupied,verified,manually_verified_by_user,manually checked against the matching review image
faie_day_1809,faie,day,1809,B8,occupied,occupied,verified,manually_verified_by_user,manually checked against the matching review image
faie_day_1809,faie,day,1809,B9,occupied,occupied,verified,manually_verified_by_user,manually checked against the matching review image
faie_day_1809,faie,day,1809,B10,occupied,occupied,verified,manually_verified_by_user,manually checked against the matching review image
faie_day_1809,faie,day,1809,B11,available,available,verified,manually_verified_by_user,manually checked against the matching review image
faie_day_1809,faie,day,1809,B12,available,available,verified,manually_verified_by_user,manually checked against the matching review image
faie_day_1809,faie,day,1809,B13,occupied,occupied,verified,manually_verified_by_user,manually checked against the matching review image
faie_day_1809,faie,day,1809,B14,available,available,verified,manually_verified_by_user,manually checked against the matching review image
faie_day_1809,faie,day,1809,B15,occupied,occupied,verified,manually_verified_by_user,manually checked against the matching review image
faie_day_1809,faie,day,1809,B16,occupied,occupied,verified,manually_verified_by_user,manually checked against the matching review image
faie_day_1809,faie,day,1809,B24,occupied,occupied,verified,manually_verified_by_user,manually checked against the matching review image
faie_day_1809,faie,day,1809,B25,occupied,occupied,verified,manually_verified_by_user,manually checked against the matching review image
faie_day_1809,faie,day,1809,B26,available,available,verified,manually_verified_by_user,manually checked against the matching review image
faie_day_1809,faie,day,1809,B27,occupied,occupied,verified,manually_verified_by_user,manually checked against the matching review image
faie_day_1809,faie,day,1809,B28,available,available,verified,manually_verified_by_user,manually checked against the matching review image
faie_day_1809,faie,day,1809,B29,occupied,occupied,verified,manually_verified_by_user,manually checked against the matching review image
faie_day_1809,faie,day,1809,B30,occupied,occupied,verified,manually_verified_by_user,manually checked against the matching review image
faie_day_1809,faie,day,1809,B31,available,available,verified,manually_verified_by_user,manually checked against the matching review image
faie_day_3619,faie,day,3619,B1,occupied,occupied,verified,manually_verified_by_user,manually checked against the matching review image
faie_day_3619,faie,day,3619,B2,occupied,occupied,verified,manually_verified_by_user,manually checked against the matching review image
faie_day_3619,faie,day,3619,B3,available,available,verified,manually_verified_by_user,manually checked against the matching review image
faie_day_3619,faie,day,3619,B4,occupied,occupied,verified,manually_verified_by_user,manually checked against the matching review image
faie_day_3619,faie,day,3619,B5,occupied,occupied,verified,manually_verified_by_user,manually checked against the matching review image
faie_day_3619,faie,day,3619,B6,available,available,verified,manually_verified_by_user,manually checked against the matching review image
faie_day_3619,faie,day,3619,B7,occupied,occupied,verified,manually_verified_by_user,manually checked against the matching review image
faie_day_3619,faie,day,3619,B8,occupied,occupied,verified,manually_verified_by_user,manually checked against the matching review image
faie_day_3619,faie,day,3619,B9,occupied,occupied,verified,manually_verified_by_user,manually checked against the matching review image
faie_day_3619,faie,day,3619,B10,occupied,occupied,verified,manually_verified_by_user,manually checked against the matching review image
faie_day_3619,faie,day,3619,B11,available,available,verified,manually_verified_by_user,manually checked against the matching review image
faie_day_3619,faie,day,3619,B12,available,available,verified,manually_verified_by_user,manually checked against the matching review image
faie_day_3619,faie,day,3619,B13,occupied,occupied,verified,manually_verified_by_user,manually checked against the matching review image
faie_day_3619,faie,day,3619,B14,available,available,verified,manually_verified_by_user,manually checked against the matching review image
faie_day_3619,faie,day,3619,B15,occupied,occupied,verified,manually_verified_by_user,manually checked against the matching review image
faie_day_3619,faie,day,3619,B16,occupied,occupied,verified,manually_verified_by_user,manually checked against the matching review image
faie_day_3619,faie,day,3619,B24,occupied,occupied,verified,manually_verified_by_user,manually checked against the matching review image
faie_day_3619,faie,day,3619,B25,occupied,occupied,verified,manually_verified_by_user,manually checked against the matching review image
faie_day_3619,faie,day,3619,B26,available,available,verified,manually_verified_by_user,manually checked against the matching review image
faie_day_3619,faie,day,3619,B27,occupied,occupied,verified,manually_verified_by_user,manually checked against the matching review image
faie_day_3619,faie,day,3619,B28,available,available,verified,manually_verified_by_user,manually checked against the matching review image
faie_day_3619,faie,day,3619,B29,occupied,occupied,verified,manually_verified_by_user,manually checked against the matching review image
faie_day_3619,faie,day,3619,B30,occupied,occupied,verified,manually_verified_by_user,manually checked against the matching review image
faie_day_3619,faie,day,3619,B31,available,available,verified,manually_verified_by_user,manually checked against the matching review image
faie_day_5429,faie,day,5429,B1,occupied,occupied,verified,manually_verified_by_user,manually checked against the matching review image
faie_day_5429,faie,day,5429,B2,occupied,occupied,verified,manually_verified_by_user,manually checked against the matching review image
faie_day_5429,faie,day,5429,B3,available,available,verified,manually_verified_by_user,manually checked against the matching review image
faie_day_5429,faie,day,5429,B4,occupied,occupied,verified,manually_verified_by_user,manually checked against the matching review image
faie_day_5429,faie,day,5429,B5,occupied,occupied,verified,manually_verified_by_user,manually checked against the matching review image
faie_day_5429,faie,day,5429,B6,available,available,verified,manually_verified_by_user,manually checked against the matching review image
faie_day_5429,faie,day,5429,B7,occupied,occupied,verified,manually_verified_by_user,manually checked against the matching review image
faie_day_5429,faie,day,5429,B8,occupied,occupied,verified,manually_verified_by_user,manually checked against the matching review image
faie_day_5429,faie,day,5429,B9,occupied,occupied,verified,manually_verified_by_user,manually checked against the matching review image
faie_day_5429,faie,day,5429,B10,occupied,occupied,verified,manually_verified_by_user,manually checked against the matching review image
faie_day_5429,faie,day,5429,B11,available,available,verified,manually_verified_by_user,manually checked against the matching review image
faie_day_5429,faie,day,5429,B12,available,available,verified,manually_verified_by_user,manually checked against the matching review image
faie_day_5429,faie,day,5429,B13,occupied,occupied,verified,manually_verified_by_user,manually checked against the matching review image
faie_day_5429,faie,day,5429,B14,occupied,occupied,verified,manually_verified_by_user,manually checked against the matching review image
faie_day_5429,faie,day,5429,B15,occupied,occupied,verified,manually_verified_by_user,manually checked against the matching review image
faie_day_5429,faie,day,5429,B16,occupied,occupied,verified,manually_verified_by_user,manually checked against the matching review image
faie_day_5429,faie,day,5429,B24,occupied,occupied,verified,manually_verified_by_user,manually checked against the matching review image
faie_day_5429,faie,day,5429,B25,occupied,occupied,verified,manually_verified_by_user,manually checked against the matching review image
faie_day_5429,faie,day,5429,B26,available,available,verified,manually_verified_by_user,manually checked against the matching review image
faie_day_5429,faie,day,5429,B27,occupied,occupied,verified,manually_verified_by_user,manually checked against the matching review image
faie_day_5429,faie,day,5429,B28,available,available,verified,manually_verified_by_user,manually checked against the matching review image
faie_day_5429,faie,day,5429,B29,occupied,occupied,verified,manually_verified_by_user,manually checked against the matching review image
faie_day_5429,faie,day,5429,B30,occupied,occupied,verified,manually_verified_by_user,manually checked against the matching review image
faie_day_5429,faie,day,5429,B31,available,available,verified,manually_verified_by_user,manually checked against the matching review image
faie_day_7238,faie,day,7238,B1,occupied,occupied,verified,manually_verified_by_user,manually checked against the matching review image
faie_day_7238,faie,day,7238,B2,occupied,occupied,verified,manually_verified_by_user,manually checked against the matching review image
faie_day_7238,faie,day,7238,B3,available,available,verified,manually_verified_by_user,manually checked against the matching review image
faie_day_7238,faie,day,7238,B4,occupied,occupied,verified,manually_verified_by_user,manually checked against the matching review image
faie_day_7238,faie,day,7238,B5,occupied,occupied,verified,manually_verified_by_user,manually checked against the matching review image
faie_day_7238,faie,day,7238,B6,available,available,verified,manually_verified_by_user,manually checked against the matching review image
faie_day_7238,faie,day,7238,B7,occupied,occupied,verified,manually_verified_by_user,manually checked against the matching review image
faie_day_7238,faie,day,7238,B8,occupied,occupied,verified,manually_verified_by_user,manually checked against the matching review image
faie_day_7238,faie,day,7238,B9,occupied,occupied,verified,manually_verified_by_user,manually checked against the matching review image
faie_day_7238,faie,day,7238,B10,occupied,occupied,verified,manually_verified_by_user,manually checked against the matching review image
faie_day_7238,faie,day,7238,B11,available,available,verified,manually_verified_by_user,manually checked against the matching review image
faie_day_7238,faie,day,7238,B12,available,available,verified,manually_verified_by_user,manually checked against the matching review image
faie_day_7238,faie,day,7238,B13,occupied,occupied,verified,manually_verified_by_user,manually checked against the matching review image
faie_day_7238,faie,day,7238,B14,occupied,occupied,verified,manually_verified_by_user,manually checked against the matching review image
faie_day_7238,faie,day,7238,B15,occupied,occupied,verified,manually_verified_by_user,manually checked against the matching review image
faie_day_7238,faie,day,7238,B16,occupied,occupied,verified,manually_verified_by_user,manually checked against the matching review image
faie_day_7238,faie,day,7238,B24,occupied,occupied,verified,manually_verified_by_user,manually checked against the matching review image
faie_day_7238,faie,day,7238,B25,occupied,occupied,verified,manually_verified_by_user,manually checked against the matching review image
faie_day_7238,faie,day,7238,B26,available,available,verified,manually_verified_by_user,manually checked against the matching review image
faie_day_7238,faie,day,7238,B27,occupied,occupied,verified,manually_verified_by_user,manually checked against the matching review image
faie_day_7238,faie,day,7238,B28,available,available,verified,manually_verified_by_user,manually checked against the matching review image
faie_day_7238,faie,day,7238,B29,occupied,occupied,verified,manually_verified_by_user,manually checked against the matching review image
faie_day_7238,faie,day,7238,B30,occupied,occupied,verified,manually_verified_by_user,manually checked against the matching review image
faie_day_7238,faie,day,7238,B31,available,available,verified,manually_verified_by_user,manually checked against the matching review image
faie_day_9049,faie,day,9049,B1,occupied,occupied,verified,manually_verified_by_user,manually checked against the matching review image
faie_day_9049,faie,day,9049,B2,occupied,occupied,verified,manually_verified_by_user,manually checked against the matching review image
faie_day_9049,faie,day,9049,B3,available,available,verified,manually_verified_by_user,manually checked against the matching review image
faie_day_9049,faie,day,9049,B4,occupied,occupied,verified,manually_verified_by_user,manually checked against the matching review image
faie_day_9049,faie,day,9049,B5,occupied,occupied,verified,manually_verified_by_user,manually checked against the matching review image
faie_day_9049,faie,day,9049,B6,available,available,verified,manually_verified_by_user,manually checked against the matching review image
faie_day_9049,faie,day,9049,B7,occupied,occupied,verified,manually_verified_by_user,manually checked against the matching review image
faie_day_9049,faie,day,9049,B8,occupied,occupied,verified,manually_verified_by_user,manually checked against the matching review image
faie_day_9049,faie,day,9049,B9,occupied,occupied,verified,manually_verified_by_user,manually checked against the matching review image
faie_day_9049,faie,day,9049,B10,occupied,occupied,verified,manually_verified_by_user,manually checked against the matching review image
faie_day_9049,faie,day,9049,B11,available,available,verified,manually_verified_by_user,manually checked against the matching review image
faie_day_9049,faie,day,9049,B12,available,available,verified,manually_verified_by_user,manually checked against the matching review image
faie_day_9049,faie,day,9049,B13,occupied,occupied,verified,manually_verified_by_user,manually checked against the matching review image
faie_day_9049,faie,day,9049,B14,occupied,occupied,verified,manually_verified_by_user,manually checked against the matching review image
faie_day_9049,faie,day,9049,B15,occupied,occupied,verified,manually_verified_by_user,manually checked against the matching review image
faie_day_9049,faie,day,9049,B16,occupied,occupied,verified,manually_verified_by_user,manually checked against the matching review image
faie_day_9049,faie,day,9049,B24,occupied,occupied,verified,manually_verified_by_user,manually checked against the matching review image
faie_day_9049,faie,day,9049,B25,occupied,occupied,verified,manually_verified_by_user,manually checked against the matching review image
faie_day_9049,faie,day,9049,B26,available,available,verified,manually_verified_by_user,manually checked against the matching review image
faie_day_9049,faie,day,9049,B27,occupied,occupied,verified,manually_verified_by_user,manually checked against the matching review image
faie_day_9049,faie,day,9049,B28,available,available,verified,manually_verified_by_user,manually checked against the matching review image
faie_day_9049,faie,day,9049,B29,occupied,occupied,verified,manually_verified_by_user,manually checked against the matching review image
faie_day_9049,faie,day,9049,B30,occupied,occupied,verified,manually_verified_by_user,manually checked against the matching review image
faie_day_9049,faie,day,9049,B31,available,available,verified,manually_verified_by_user,manually checked against the matching review image
faie_day_10858,faie,day,10858,B1,occupied,occupied,verified,manually_verified_by_user,manually checked against the matching review image
faie_day_10858,faie,day,10858,B2,occupied,occupied,verified,manually_verified_by_user,manually checked against the matching review image
faie_day_10858,faie,day,10858,B3,available,available,verified,manually_verified_by_user,manually checked against the matching review image
faie_day_10858,faie,day,10858,B4,occupied,occupied,verified,manually_verified_by_user,manually checked against the matching review image
faie_day_10858,faie,day,10858,B5,occupied,occupied,verified,manually_verified_by_user,manually checked against the matching review image
faie_day_10858,faie,day,10858,B6,available,available,verified,manually_verified_by_user,manually checked against the matching review image
faie_day_10858,faie,day,10858,B7,occupied,occupied,verified,manually_verified_by_user,manually checked against the matching review image
faie_day_10858,faie,day,10858,B8,occupied,occupied,verified,manually_verified_by_user,manually checked against the matching review image
faie_day_10858,faie,day,10858,B9,occupied,occupied,verified,manually_verified_by_user,manually checked against the matching review image
faie_day_10858,faie,day,10858,B10,occupied,occupied,verified,manually_verified_by_user,manually checked against the matching review image
faie_day_10858,faie,day,10858,B11,available,available,verified,manually_verified_by_user,manually checked against the matching review image
faie_day_10858,faie,day,10858,B12,available,available,verified,manually_verified_by_user,manually checked against the matching review image
faie_day_10858,faie,day,10858,B13,occupied,occupied,verified,manually_verified_by_user,manually checked against the matching review image
faie_day_10858,faie,day,10858,B14,occupied,occupied,verified,manually_verified_by_user,manually checked against the matching review image
faie_day_10858,faie,day,10858,B15,available,available,verified,manually_verified_by_user,manually checked against the matching review image
faie_day_10858,faie,day,10858,B16,occupied,occupied,verified,manually_verified_by_user,manually checked against the matching review image
faie_day_10858,faie,day,10858,B24,occupied,occupied,verified,manually_verified_by_user,manually checked against the matching review image
faie_day_10858,faie,day,10858,B25,occupied,occupied,verified,manually_verified_by_user,manually checked against the matching review image
faie_day_10858,faie,day,10858,B26,available,available,verified,manually_verified_by_user,manually checked against the matching review image
faie_day_10858,faie,day,10858,B27,occupied,occupied,verified,manually_verified_by_user,manually checked against the matching review image
faie_day_10858,faie,day,10858,B28,available,available,verified,manually_verified_by_user,manually checked against the matching review image
faie_day_10858,faie,day,10858,B29,occupied,occupied,verified,manually_verified_by_user,manually checked against the matching review image
faie_day_10858,faie,day,10858,B30,occupied,occupied,verified,manually_verified_by_user,manually checked against the matching review image
faie_day_10858,faie,day,10858,B31,available,available,verified,manually_verified_by_user,manually checked against the matching review image
faie_day_12667,faie,day,12667,B1,occupied,occupied,verified,manually_verified_by_user,manually checked against the matching review image
faie_day_12667,faie,day,12667,B2,occupied,occupied,verified,manually_verified_by_user,manually checked against the matching review image
faie_day_12667,faie,day,12667,B3,available,available,verified,manually_verified_by_user,manually checked against the matching review image
faie_day_12667,faie,day,12667,B4,occupied,occupied,verified,manually_verified_by_user,manually checked against the matching review image
faie_day_12667,faie,day,12667,B5,occupied,occupied,verified,manually_verified_by_user,manually checked against the matching review image
faie_day_12667,faie,day,12667,B6,available,available,verified,manually_verified_by_user,manually checked against the matching review image
faie_day_12667,faie,day,12667,B7,occupied,occupied,verified,manually_verified_by_user,manually checked against the matching review image
faie_day_12667,faie,day,12667,B8,occupied,occupied,verified,manually_verified_by_user,manually checked against the matching review image
faie_day_12667,faie,day,12667,B9,occupied,occupied,verified,manually_verified_by_user,manually checked against the matching review image
faie_day_12667,faie,day,12667,B10,occupied,occupied,verified,manually_verified_by_user,manually checked against the matching review image
faie_day_12667,faie,day,12667,B11,available,available,verified,manually_verified_by_user,manually checked against the matching review image
faie_day_12667,faie,day,12667,B12,available,available,verified,manually_verified_by_user,manually checked against the matching review image
faie_day_12667,faie,day,12667,B13,occupied,occupied,verified,manually_verified_by_user,manually checked against the matching review image
faie_day_12667,faie,day,12667,B14,occupied,occupied,verified,manually_verified_by_user,manually checked against the matching review image
faie_day_12667,faie,day,12667,B15,available,available,verified,manually_verified_by_user,manually checked against the matching review image
faie_day_12667,faie,day,12667,B16,occupied,occupied,verified,manually_verified_by_user,manually checked against the matching review image
faie_day_12667,faie,day,12667,B24,occupied,occupied,verified,manually_verified_by_user,manually checked against the matching review image
faie_day_12667,faie,day,12667,B25,occupied,occupied,verified,manually_verified_by_user,manually checked against the matching review image
faie_day_12667,faie,day,12667,B26,available,available,verified,manually_verified_by_user,manually checked against the matching review image
faie_day_12667,faie,day,12667,B27,occupied,occupied,verified,manually_verified_by_user,manually checked against the matching review image
faie_day_12667,faie,day,12667,B28,available,available,verified,manually_verified_by_user,manually checked against the matching review image
faie_day_12667,faie,day,12667,B29,occupied,occupied,verified,manually_verified_by_user,manually checked against the matching review image
faie_day_12667,faie,day,12667,B30,occupied,occupied,verified,manually_verified_by_user,manually checked against the matching review image
faie_day_12667,faie,day,12667,B31,available,available,verified,manually_verified_by_user,manually checked against the matching review image
faie_day_14478,faie,day,14478,B1,occupied,occupied,verified,manually_verified_by_user,manually checked against the matching review image
faie_day_14478,faie,day,14478,B2,occupied,occupied,verified,manually_verified_by_user,manually checked against the matching review image
faie_day_14478,faie,day,14478,B3,available,available,verified,manually_verified_by_user,manually checked against the matching review image
faie_day_14478,faie,day,14478,B4,occupied,occupied,verified,manually_verified_by_user,manually checked against the matching review image
faie_day_14478,faie,day,14478,B5,occupied,occupied,verified,manually_verified_by_user,manually checked against the matching review image
faie_day_14478,faie,day,14478,B6,available,available,verified,manually_verified_by_user,manually checked against the matching review image
faie_day_14478,faie,day,14478,B7,occupied,occupied,verified,manually_verified_by_user,manually checked against the matching review image
faie_day_14478,faie,day,14478,B8,occupied,occupied,verified,manually_verified_by_user,manually checked against the matching review image
faie_day_14478,faie,day,14478,B9,occupied,occupied,verified,manually_verified_by_user,manually checked against the matching review image
faie_day_14478,faie,day,14478,B10,occupied,occupied,verified,manually_verified_by_user,manually checked against the matching review image
faie_day_14478,faie,day,14478,B11,available,available,verified,manually_verified_by_user,manually checked against the matching review image
faie_day_14478,faie,day,14478,B12,available,available,verified,manually_verified_by_user,manually checked against the matching review image
faie_day_14478,faie,day,14478,B13,occupied,occupied,verified,manually_verified_by_user,manually checked against the matching review image
faie_day_14478,faie,day,14478,B14,occupied,occupied,verified,manually_verified_by_user,manually checked against the matching review image
faie_day_14478,faie,day,14478,B15,available,available,verified,manually_verified_by_user,manually checked against the matching review image
faie_day_14478,faie,day,14478,B16,occupied,occupied,verified,manually_verified_by_user,manually checked against the matching review image
faie_day_14478,faie,day,14478,B24,occupied,occupied,verified,manually_verified_by_user,manually checked against the matching review image
faie_day_14478,faie,day,14478,B25,occupied,occupied,verified,manually_verified_by_user,manually checked against the matching review image
faie_day_14478,faie,day,14478,B26,available,available,verified,manually_verified_by_user,manually checked against the matching review image
faie_day_14478,faie,day,14478,B27,occupied,occupied,verified,manually_verified_by_user,manually checked against the matching review image
faie_day_14478,faie,day,14478,B28,available,available,verified,manually_verified_by_user,manually checked against the matching review image
faie_day_14478,faie,day,14478,B29,occupied,occupied,verified,manually_verified_by_user,manually checked against the matching review image
faie_day_14478,faie,day,14478,B30,occupied,occupied,verified,manually_verified_by_user,manually checked against the matching review image
faie_day_14478,faie,day,14478,B31,available,available,verified,manually_verified_by_user,manually checked against the matching review image
faie_day_16287,faie,day,16287,B1,occupied,occupied,verified,manually_verified_by_user,manually checked against the matching review image
faie_day_16287,faie,day,16287,B2,occupied,occupied,verified,manually_verified_by_user,manually checked against the matching review image
faie_day_16287,faie,day,16287,B3,available,available,verified,manually_verified_by_user,manually checked against the matching review image
faie_day_16287,faie,day,16287,B4,occupied,occupied,verified,manually_verified_by_user,manually checked against the matching review image
faie_day_16287,faie,day,16287,B5,occupied,occupied,verified,manually_verified_by_user,manually checked against the matching review image
faie_day_16287,faie,day,16287,B6,available,available,verified,manually_verified_by_user,manually checked against the matching review image
faie_day_16287,faie,day,16287,B7,occupied,occupied,verified,manually_verified_by_user,manually checked against the matching review image
faie_day_16287,faie,day,16287,B8,occupied,occupied,verified,manually_verified_by_user,manually checked against the matching review image
faie_day_16287,faie,day,16287,B9,occupied,occupied,verified,manually_verified_by_user,manually checked against the matching review image
faie_day_16287,faie,day,16287,B10,occupied,occupied,verified,manually_verified_by_user,manually checked against the matching review image
faie_day_16287,faie,day,16287,B11,available,available,verified,manually_verified_by_user,manually checked against the matching review image
faie_day_16287,faie,day,16287,B12,available,available,verified,manually_verified_by_user,manually checked against the matching review image
faie_day_16287,faie,day,16287,B13,available,available,verified,manually_verified_by_user,manually checked against the matching review image
faie_day_16287,faie,day,16287,B14,occupied,occupied,verified,manually_verified_by_user,manually checked against the matching review image
faie_day_16287,faie,day,16287,B15,available,available,verified,manually_verified_by_user,manually checked against the matching review image
faie_day_16287,faie,day,16287,B16,occupied,occupied,verified,manually_verified_by_user,manually checked against the matching review image
faie_day_16287,faie,day,16287,B24,occupied,occupied,verified,manually_verified_by_user,manually checked against the matching review image
faie_day_16287,faie,day,16287,B25,occupied,occupied,verified,manually_verified_by_user,manually checked against the matching review image
faie_day_16287,faie,day,16287,B26,available,available,verified,manually_verified_by_user,manually checked against the matching review image
faie_day_16287,faie,day,16287,B27,occupied,occupied,verified,manually_verified_by_user,manually checked against the matching review image
faie_day_16287,faie,day,16287,B28,available,available,verified,manually_verified_by_user,manually checked against the matching review image
faie_day_16287,faie,day,16287,B29,occupied,occupied,verified,manually_verified_by_user,manually checked against the matching review image
faie_day_16287,faie,day,16287,B30,occupied,occupied,verified,manually_verified_by_user,manually checked against the matching review image
faie_day_16287,faie,day,16287,B31,available,available,verified,manually_verified_by_user,manually checked against the matching review image
faie_day_18097,faie,day,18097,B1,occupied,occupied,verified,manually_verified_by_user,manually checked against the matching review image
faie_day_18097,faie,day,18097,B2,occupied,occupied,verified,manually_verified_by_user,manually checked against the matching review image
faie_day_18097,faie,day,18097,B3,available,available,verified,manually_verified_by_user,manually checked against the matching review image
faie_day_18097,faie,day,18097,B4,occupied,occupied,verified,manually_verified_by_user,manually checked against the matching review image
faie_day_18097,faie,day,18097,B5,occupied,occupied,verified,manually_verified_by_user,manually checked against the matching review image
faie_day_18097,faie,day,18097,B6,available,available,verified,manually_verified_by_user,manually checked against the matching review image
faie_day_18097,faie,day,18097,B7,occupied,occupied,verified,manually_verified_by_user,manually checked against the matching review image
faie_day_18097,faie,day,18097,B8,occupied,occupied,verified,manually_verified_by_user,manually checked against the matching review image
faie_day_18097,faie,day,18097,B9,occupied,occupied,verified,manually_verified_by_user,manually checked against the matching review image
faie_day_18097,faie,day,18097,B10,occupied,occupied,verified,manually_verified_by_user,manually checked against the matching review image
faie_day_18097,faie,day,18097,B11,available,available,verified,manually_verified_by_user,manually checked against the matching review image
faie_day_18097,faie,day,18097,B12,available,available,verified,manually_verified_by_user,manually checked against the matching review image
faie_day_18097,faie,day,18097,B13,available,available,verified,manually_verified_by_user,manually checked against the matching review image
faie_day_18097,faie,day,18097,B14,occupied,occupied,verified,manually_verified_by_user,manually checked against the matching review image
faie_day_18097,faie,day,18097,B15,available,available,verified,manually_verified_by_user,manually checked against the matching review image
faie_day_18097,faie,day,18097,B16,occupied,occupied,verified,manually_verified_by_user,manually checked against the matching review image
faie_day_18097,faie,day,18097,B24,occupied,occupied,verified,manually_verified_by_user,manually checked against the matching review image
faie_day_18097,faie,day,18097,B25,occupied,occupied,verified,manually_verified_by_user,manually checked against the matching review image
faie_day_18097,faie,day,18097,B26,available,available,verified,manually_verified_by_user,manually checked against the matching review image
faie_day_18097,faie,day,18097,B27,occupied,occupied,verified,manually_verified_by_user,manually checked against the matching review image
faie_day_18097,faie,day,18097,B28,available,available,verified,manually_verified_by_user,manually checked against the matching review image
faie_day_18097,faie,day,18097,B29,occupied,occupied,verified,manually_verified_by_user,manually checked against the matching review image
faie_day_18097,faie,day,18097,B30,occupied,occupied,verified,manually_verified_by_user,manually checked against the matching review image
faie_day_18097,faie,day,18097,B31,available,available,verified,manually_verified_by_user,manually checked against the matching review image
faie_night_0,faie,night,0,B1,available,available,verified,manually_verified_by_user,manually checked against the matching review image
faie_night_0,faie,night,0,B2,available,available,verified,manually_verified_by_user,manually checked against the matching review image
faie_night_0,faie,night,0,B3,available,available,verified,manually_verified_by_user,manually checked against the matching review image
faie_night_0,faie,night,0,B4,available,available,verified,manually_verified_by_user,manually checked against the matching review image
faie_night_0,faie,night,0,B5,available,available,verified,manually_verified_by_user,manually checked against the matching review image
faie_night_0,faie,night,0,B6,occupied,occupied,verified,manually_verified_by_user,manually checked against the matching review image
faie_night_0,faie,night,0,B7,available,available,verified,manually_verified_by_user,manually checked against the matching review image
faie_night_0,faie,night,0,B8,available,available,verified,manually_verified_by_user,manually checked against the matching review image
faie_night_0,faie,night,0,B9,occupied,occupied,verified,manually_verified_by_user,manually checked against the matching review image
faie_night_0,faie,night,0,B10,occupied,occupied,verified,manually_verified_by_user,manually checked against the matching review image
faie_night_0,faie,night,0,B11,available,available,verified,manually_verified_by_user,manually checked against the matching review image
faie_night_0,faie,night,0,B12,occupied,occupied,verified,manually_verified_by_user,manually checked against the matching review image
faie_night_0,faie,night,0,B13,occupied,occupied,verified,manually_verified_by_user,manually checked against the matching review image
faie_night_0,faie,night,0,B14,available,available,verified,manually_verified_by_user,manually checked against the matching review image
faie_night_0,faie,night,0,B15,available,available,verified,manually_verified_by_user,manually checked against the matching review image
faie_night_0,faie,night,0,B24,available,available,verified,manually_verified_by_user,manually checked against the matching review image
faie_night_0,faie,night,0,B25,available,available,verified,manually_verified_by_user,manually checked against the matching review image
faie_night_0,faie,night,0,B26,available,available,verified,manually_verified_by_user,manually checked against the matching review image
faie_night_1016,faie,night,1016,B1,available,available,verified,manually_verified_by_user,manually checked against the matching review image
faie_night_1016,faie,night,1016,B2,available,available,verified,manually_verified_by_user,manually checked against the matching review image
faie_night_1016,faie,night,1016,B3,available,available,verified,manually_verified_by_user,manually checked against the matching review image
faie_night_1016,faie,night,1016,B4,available,available,verified,manually_verified_by_user,manually checked against the matching review image
faie_night_1016,faie,night,1016,B5,available,available,verified,manually_verified_by_user,manually checked against the matching review image
faie_night_1016,faie,night,1016,B6,occupied,occupied,verified,manually_verified_by_user,manually checked against the matching review image
faie_night_1016,faie,night,1016,B7,available,available,verified,manually_verified_by_user,manually checked against the matching review image
faie_night_1016,faie,night,1016,B8,available,available,verified,manually_verified_by_user,manually checked against the matching review image
faie_night_1016,faie,night,1016,B9,occupied,occupied,verified,manually_verified_by_user,manually checked against the matching review image
faie_night_1016,faie,night,1016,B10,occupied,occupied,verified,manually_verified_by_user,manually checked against the matching review image
faie_night_1016,faie,night,1016,B11,available,available,verified,manually_verified_by_user,manually checked against the matching review image
faie_night_1016,faie,night,1016,B12,occupied,occupied,verified,manually_verified_by_user,manually checked against the matching review image
faie_night_1016,faie,night,1016,B13,occupied,occupied,verified,manually_verified_by_user,manually checked against the matching review image
faie_night_1016,faie,night,1016,B14,available,available,verified,manually_verified_by_user,manually checked against the matching review image
faie_night_1016,faie,night,1016,B15,available,available,verified,manually_verified_by_user,manually checked against the matching review image
faie_night_1016,faie,night,1016,B24,available,available,verified,manually_verified_by_user,manually checked against the matching review image
faie_night_1016,faie,night,1016,B25,available,available,verified,manually_verified_by_user,manually checked against the matching review image
faie_night_1016,faie,night,1016,B26,available,available,verified,manually_verified_by_user,manually checked against the matching review image
faie_night_2032,faie,night,2032,B1,available,available,verified,manually_verified_by_user,manually checked against the matching review image
faie_night_2032,faie,night,2032,B2,available,available,verified,manually_verified_by_user,manually checked against the matching review image
faie_night_2032,faie,night,2032,B3,available,available,verified,manually_verified_by_user,manually checked against the matching review image
faie_night_2032,faie,night,2032,B4,available,available,verified,manually_verified_by_user,manually checked against the matching review image
faie_night_2032,faie,night,2032,B5,available,available,verified,manually_verified_by_user,manually checked against the matching review image
faie_night_2032,faie,night,2032,B6,occupied,occupied,verified,manually_verified_by_user,manually checked against the matching review image
faie_night_2032,faie,night,2032,B7,available,available,verified,manually_verified_by_user,manually checked against the matching review image
faie_night_2032,faie,night,2032,B8,available,available,verified,manually_verified_by_user,manually checked against the matching review image
faie_night_2032,faie,night,2032,B9,occupied,occupied,verified,manually_verified_by_user,manually checked against the matching review image
faie_night_2032,faie,night,2032,B10,occupied,occupied,verified,manually_verified_by_user,manually checked against the matching review image
faie_night_2032,faie,night,2032,B11,available,available,verified,manually_verified_by_user,manually checked against the matching review image
faie_night_2032,faie,night,2032,B12,occupied,occupied,verified,manually_verified_by_user,manually checked against the matching review image
faie_night_2032,faie,night,2032,B13,occupied,occupied,verified,manually_verified_by_user,manually checked against the matching review image
faie_night_2032,faie,night,2032,B14,available,available,verified,manually_verified_by_user,manually checked against the matching review image
faie_night_2032,faie,night,2032,B15,available,available,verified,manually_verified_by_user,manually checked against the matching review image
faie_night_2032,faie,night,2032,B24,available,available,verified,manually_verified_by_user,manually checked against the matching review image
faie_night_2032,faie,night,2032,B25,available,available,verified,manually_verified_by_user,manually checked against the matching review image
faie_night_2032,faie,night,2032,B26,available,available,verified,manually_verified_by_user,manually checked against the matching review image
faie_night_3048,faie,night,3048,B1,available,available,verified,manually_verified_by_user,manually checked against the matching review image
faie_night_3048,faie,night,3048,B2,available,available,verified,manually_verified_by_user,manually checked against the matching review image
faie_night_3048,faie,night,3048,B3,available,available,verified,manually_verified_by_user,manually checked against the matching review image
faie_night_3048,faie,night,3048,B4,available,available,verified,manually_verified_by_user,manually checked against the matching review image
faie_night_3048,faie,night,3048,B5,available,available,verified,manually_verified_by_user,manually checked against the matching review image
faie_night_3048,faie,night,3048,B6,occupied,occupied,verified,manually_verified_by_user,manually checked against the matching review image
faie_night_3048,faie,night,3048,B7,available,available,verified,manually_verified_by_user,manually checked against the matching review image
faie_night_3048,faie,night,3048,B8,available,available,verified,manually_verified_by_user,manually checked against the matching review image
faie_night_3048,faie,night,3048,B9,occupied,occupied,verified,manually_verified_by_user,manually checked against the matching review image
faie_night_3048,faie,night,3048,B10,occupied,occupied,verified,manually_verified_by_user,manually checked against the matching review image
faie_night_3048,faie,night,3048,B11,available,available,verified,manually_verified_by_user,manually checked against the matching review image
faie_night_3048,faie,night,3048,B12,occupied,occupied,verified,manually_verified_by_user,manually checked against the matching review image
faie_night_3048,faie,night,3048,B13,occupied,occupied,verified,manually_verified_by_user,manually checked against the matching review image
faie_night_3048,faie,night,3048,B14,available,available,verified,manually_verified_by_user,manually checked against the matching review image
faie_night_3048,faie,night,3048,B15,available,available,verified,manually_verified_by_user,manually checked against the matching review image
faie_night_3048,faie,night,3048,B24,available,available,verified,manually_verified_by_user,manually checked against the matching review image
faie_night_3048,faie,night,3048,B25,available,available,verified,manually_verified_by_user,manually checked against the matching review image
faie_night_3048,faie,night,3048,B26,available,available,verified,manually_verified_by_user,manually checked against the matching review image
faie_night_4065,faie,night,4065,B1,available,available,verified,manually_verified_by_user,manually checked against the matching review image
faie_night_4065,faie,night,4065,B2,available,available,verified,manually_verified_by_user,manually checked against the matching review image
faie_night_4065,faie,night,4065,B3,available,available,verified,manually_verified_by_user,manually checked against the matching review image
faie_night_4065,faie,night,4065,B4,available,available,verified,manually_verified_by_user,manually checked against the matching review image
faie_night_4065,faie,night,4065,B5,available,available,verified,manually_verified_by_user,manually checked against the matching review image
faie_night_4065,faie,night,4065,B6,occupied,occupied,verified,manually_verified_by_user,manually checked against the matching review image
faie_night_4065,faie,night,4065,B7,available,available,verified,manually_verified_by_user,manually checked against the matching review image
faie_night_4065,faie,night,4065,B8,available,available,verified,manually_verified_by_user,manually checked against the matching review image
faie_night_4065,faie,night,4065,B9,occupied,occupied,verified,manually_verified_by_user,manually checked against the matching review image
faie_night_4065,faie,night,4065,B10,occupied,occupied,verified,manually_verified_by_user,manually checked against the matching review image
faie_night_4065,faie,night,4065,B11,available,available,verified,manually_verified_by_user,manually checked against the matching review image
faie_night_4065,faie,night,4065,B12,occupied,occupied,verified,manually_verified_by_user,manually checked against the matching review image
faie_night_4065,faie,night,4065,B13,occupied,occupied,verified,manually_verified_by_user,manually checked against the matching review image
faie_night_4065,faie,night,4065,B14,available,available,verified,manually_verified_by_user,manually checked against the matching review image
faie_night_4065,faie,night,4065,B15,available,available,verified,manually_verified_by_user,manually checked against the matching review image
faie_night_4065,faie,night,4065,B24,available,available,verified,manually_verified_by_user,manually checked against the matching review image
faie_night_4065,faie,night,4065,B25,available,available,verified,manually_verified_by_user,manually checked against the matching review image
faie_night_4065,faie,night,4065,B26,available,available,verified,manually_verified_by_user,manually checked against the matching review image
faie_night_5082,faie,night,5082,B1,available,available,verified,manually_verified_by_user,manually checked against the matching review image
faie_night_5082,faie,night,5082,B2,available,available,verified,manually_verified_by_user,manually checked against the matching review image
faie_night_5082,faie,night,5082,B3,available,available,verified,manually_verified_by_user,manually checked against the matching review image
faie_night_5082,faie,night,5082,B4,available,available,verified,manually_verified_by_user,manually checked against the matching review image
faie_night_5082,faie,night,5082,B5,available,available,verified,manually_verified_by_user,manually checked against the matching review image
faie_night_5082,faie,night,5082,B6,occupied,occupied,verified,manually_verified_by_user,manually checked against the matching review image
faie_night_5082,faie,night,5082,B7,available,available,verified,manually_verified_by_user,manually checked against the matching review image
faie_night_5082,faie,night,5082,B8,available,available,verified,manually_verified_by_user,manually checked against the matching review image
faie_night_5082,faie,night,5082,B9,occupied,occupied,verified,manually_verified_by_user,manually checked against the matching review image
faie_night_5082,faie,night,5082,B10,occupied,occupied,verified,manually_verified_by_user,manually checked against the matching review image
faie_night_5082,faie,night,5082,B11,available,available,verified,manually_verified_by_user,manually checked against the matching review image
faie_night_5082,faie,night,5082,B12,occupied,occupied,verified,manually_verified_by_user,manually checked against the matching review image
faie_night_5082,faie,night,5082,B13,occupied,occupied,verified,manually_verified_by_user,manually checked against the matching review image
faie_night_5082,faie,night,5082,B14,available,available,verified,manually_verified_by_user,manually checked against the matching review image
faie_night_5082,faie,night,5082,B15,available,available,verified,manually_verified_by_user,manually checked against the matching review image
faie_night_5082,faie,night,5082,B24,available,available,verified,manually_verified_by_user,manually checked against the matching review image
faie_night_5082,faie,night,5082,B25,available,available,verified,manually_verified_by_user,manually checked against the matching review image
faie_night_5082,faie,night,5082,B26,available,available,verified,manually_verified_by_user,manually checked against the matching review image
faie_night_6097,faie,night,6097,B1,available,available,verified,manually_verified_by_user,manually checked against the matching review image
faie_night_6097,faie,night,6097,B2,available,available,verified,manually_verified_by_user,manually checked against the matching review image
faie_night_6097,faie,night,6097,B3,available,available,verified,manually_verified_by_user,manually checked against the matching review image
faie_night_6097,faie,night,6097,B4,available,available,verified,manually_verified_by_user,manually checked against the matching review image
faie_night_6097,faie,night,6097,B5,available,available,verified,manually_verified_by_user,manually checked against the matching review image
faie_night_6097,faie,night,6097,B6,occupied,occupied,verified,manually_verified_by_user,manually checked against the matching review image
faie_night_6097,faie,night,6097,B7,available,available,verified,manually_verified_by_user,manually checked against the matching review image
faie_night_6097,faie,night,6097,B8,available,available,verified,manually_verified_by_user,manually checked against the matching review image
faie_night_6097,faie,night,6097,B9,occupied,occupied,verified,manually_verified_by_user,manually checked against the matching review image
faie_night_6097,faie,night,6097,B10,occupied,occupied,verified,manually_verified_by_user,manually checked against the matching review image
faie_night_6097,faie,night,6097,B11,available,available,verified,manually_verified_by_user,manually checked against the matching review image
faie_night_6097,faie,night,6097,B12,occupied,occupied,verified,manually_verified_by_user,manually checked against the matching review image
faie_night_6097,faie,night,6097,B13,occupied,occupied,verified,manually_verified_by_user,manually checked against the matching review image
faie_night_6097,faie,night,6097,B14,available,available,verified,manually_verified_by_user,manually checked against the matching review image
faie_night_6097,faie,night,6097,B15,available,available,verified,manually_verified_by_user,manually checked against the matching review image
faie_night_6097,faie,night,6097,B24,available,available,verified,manually_verified_by_user,manually checked against the matching review image
faie_night_6097,faie,night,6097,B25,available,available,verified,manually_verified_by_user,manually checked against the matching review image
faie_night_6097,faie,night,6097,B26,available,available,verified,manually_verified_by_user,manually checked against the matching review image
faie_night_7114,faie,night,7114,B1,available,available,verified,manually_verified_by_user,manually checked against the matching review image
faie_night_7114,faie,night,7114,B2,available,available,verified,manually_verified_by_user,manually checked against the matching review image
faie_night_7114,faie,night,7114,B3,available,available,verified,manually_verified_by_user,manually checked against the matching review image
faie_night_7114,faie,night,7114,B4,available,available,verified,manually_verified_by_user,manually checked against the matching review image
faie_night_7114,faie,night,7114,B5,available,available,verified,manually_verified_by_user,manually checked against the matching review image
faie_night_7114,faie,night,7114,B6,occupied,occupied,verified,manually_verified_by_user,manually checked against the matching review image
faie_night_7114,faie,night,7114,B7,available,available,verified,manually_verified_by_user,manually checked against the matching review image
faie_night_7114,faie,night,7114,B8,available,available,verified,manually_verified_by_user,manually checked against the matching review image
faie_night_7114,faie,night,7114,B9,occupied,occupied,verified,manually_verified_by_user,manually checked against the matching review image
faie_night_7114,faie,night,7114,B10,occupied,occupied,verified,manually_verified_by_user,manually checked against the matching review image
faie_night_7114,faie,night,7114,B11,available,available,verified,manually_verified_by_user,manually checked against the matching review image
faie_night_7114,faie,night,7114,B12,occupied,occupied,verified,manually_verified_by_user,manually checked against the matching review image
faie_night_7114,faie,night,7114,B13,occupied,occupied,verified,manually_verified_by_user,manually checked against the matching review image
faie_night_7114,faie,night,7114,B14,available,available,verified,manually_verified_by_user,manually checked against the matching review image
faie_night_7114,faie,night,7114,B15,available,available,verified,manually_verified_by_user,manually checked against the matching review image
faie_night_7114,faie,night,7114,B24,available,available,verified,manually_verified_by_user,manually checked against the matching review image
faie_night_7114,faie,night,7114,B25,available,available,verified,manually_verified_by_user,manually checked against the matching review image
faie_night_7114,faie,night,7114,B26,available,available,verified,manually_verified_by_user,manually checked against the matching review image
faie_night_8131,faie,night,8131,B1,available,available,verified,manually_verified_by_user,manually checked against the matching review image
faie_night_8131,faie,night,8131,B2,available,available,verified,manually_verified_by_user,manually checked against the matching review image
faie_night_8131,faie,night,8131,B3,available,available,verified,manually_verified_by_user,manually checked against the matching review image
faie_night_8131,faie,night,8131,B4,available,available,verified,manually_verified_by_user,manually checked against the matching review image
faie_night_8131,faie,night,8131,B5,available,available,verified,manually_verified_by_user,manually checked against the matching review image
faie_night_8131,faie,night,8131,B6,occupied,occupied,verified,manually_verified_by_user,manually checked against the matching review image
faie_night_8131,faie,night,8131,B7,available,available,verified,manually_verified_by_user,manually checked against the matching review image
faie_night_8131,faie,night,8131,B8,available,available,verified,manually_verified_by_user,manually checked against the matching review image
faie_night_8131,faie,night,8131,B9,occupied,occupied,verified,manually_verified_by_user,manually checked against the matching review image
faie_night_8131,faie,night,8131,B10,occupied,occupied,verified,manually_verified_by_user,manually checked against the matching review image
faie_night_8131,faie,night,8131,B11,available,available,verified,manually_verified_by_user,manually checked against the matching review image
faie_night_8131,faie,night,8131,B12,occupied,occupied,verified,manually_verified_by_user,manually checked against the matching review image
faie_night_8131,faie,night,8131,B13,occupied,occupied,verified,manually_verified_by_user,manually checked against the matching review image
faie_night_8131,faie,night,8131,B14,available,available,verified,manually_verified_by_user,manually checked against the matching review image
faie_night_8131,faie,night,8131,B15,available,available,verified,manually_verified_by_user,manually checked against the matching review image
faie_night_8131,faie,night,8131,B24,available,available,verified,manually_verified_by_user,manually checked against the matching review image
faie_night_8131,faie,night,8131,B25,available,available,verified,manually_verified_by_user,manually checked against the matching review image
faie_night_8131,faie,night,8131,B26,available,available,verified,manually_verified_by_user,manually checked against the matching review image
faie_night_9146,faie,night,9146,B1,available,available,verified,manually_verified_by_user,manually checked against the matching review image
faie_night_9146,faie,night,9146,B2,available,available,verified,manually_verified_by_user,manually checked against the matching review image
faie_night_9146,faie,night,9146,B3,available,available,verified,manually_verified_by_user,manually checked against the matching review image
faie_night_9146,faie,night,9146,B4,available,available,verified,manually_verified_by_user,manually checked against the matching review image
faie_night_9146,faie,night,9146,B5,available,available,verified,manually_verified_by_user,manually checked against the matching review image
faie_night_9146,faie,night,9146,B6,occupied,occupied,verified,manually_verified_by_user,manually checked against the matching review image
faie_night_9146,faie,night,9146,B7,available,available,verified,manually_verified_by_user,manually checked against the matching review image
faie_night_9146,faie,night,9146,B8,available,available,verified,manually_verified_by_user,manually checked against the matching review image
faie_night_9146,faie,night,9146,B9,occupied,occupied,verified,manually_verified_by_user,manually checked against the matching review image
faie_night_9146,faie,night,9146,B10,occupied,occupied,verified,manually_verified_by_user,manually checked against the matching review image
faie_night_9146,faie,night,9146,B11,available,available,verified,manually_verified_by_user,manually checked against the matching review image
faie_night_9146,faie,night,9146,B12,occupied,occupied,verified,manually_verified_by_user,manually checked against the matching review image
faie_night_9146,faie,night,9146,B13,occupied,occupied,verified,manually_verified_by_user,manually checked against the matching review image
faie_night_9146,faie,night,9146,B14,available,available,verified,manually_verified_by_user,manually checked against the matching review image
faie_night_9146,faie,night,9146,B15,available,available,verified,manually_verified_by_user,manually checked against the matching review image
faie_night_9146,faie,night,9146,B24,available,available,verified,manually_verified_by_user,manually checked against the matching review image
faie_night_9146,faie,night,9146,B25,available,available,verified,manually_verified_by_user,manually checked against the matching review image
faie_night_9146,faie,night,9146,B26,available,available,verified,manually_verified_by_user,manually checked against the matching review image
faie_night_10163,faie,night,10163,B1,available,available,verified,manually_verified_by_user,manually checked against the matching review image
faie_night_10163,faie,night,10163,B2,available,available,verified,manually_verified_by_user,manually checked against the matching review image
faie_night_10163,faie,night,10163,B3,available,available,verified,manually_verified_by_user,manually checked against the matching review image
faie_night_10163,faie,night,10163,B4,available,available,verified,manually_verified_by_user,manually checked against the matching review image
faie_night_10163,faie,night,10163,B5,available,available,verified,manually_verified_by_user,manually checked against the matching review image
faie_night_10163,faie,night,10163,B6,occupied,occupied,verified,manually_verified_by_user,manually checked against the matching review image
faie_night_10163,faie,night,10163,B7,available,available,verified,manually_verified_by_user,manually checked against the matching review image
faie_night_10163,faie,night,10163,B8,available,available,verified,manually_verified_by_user,manually checked against the matching review image
faie_night_10163,faie,night,10163,B9,occupied,occupied,verified,manually_verified_by_user,manually checked against the matching review image
faie_night_10163,faie,night,10163,B10,occupied,occupied,verified,manually_verified_by_user,manually checked against the matching review image
faie_night_10163,faie,night,10163,B11,available,available,verified,manually_verified_by_user,manually checked against the matching review image
faie_night_10163,faie,night,10163,B12,occupied,occupied,verified,manually_verified_by_user,manually checked against the matching review image
faie_night_10163,faie,night,10163,B13,occupied,occupied,verified,manually_verified_by_user,manually checked against the matching review image
faie_night_10163,faie,night,10163,B14,available,available,verified,manually_verified_by_user,manually checked against the matching review image
faie_night_10163,faie,night,10163,B15,available,available,verified,manually_verified_by_user,manually checked against the matching review image
faie_night_10163,faie,night,10163,B24,available,available,verified,manually_verified_by_user,manually checked against the matching review image
faie_night_10163,faie,night,10163,B25,available,available,verified,manually_verified_by_user,manually checked against the matching review image
faie_night_10163,faie,night,10163,B26,available,available,verified,manually_verified_by_user,manually checked against the matching review image
